audit_file,audit_id,input_paper_id,status,total_entries,matched,counts
083cab62-d5e2-43bb-bc90-11fe584e7e1e.json,083cab62-d5e2-43bb-bc90-11fe584e7e1e,2a589653-896c-43ae-b33c-d125e52eb14e,completed_with_errors,19,12,"{""VERIFIED"": 0, ""METADATA_MISMATCH"": 0, ""NEEDS_REVIEW"": 17, ""NOT_FOUND"": 0, ""LOOKUP_FAILED"": 2}"
11e85907-a12a-4dbf-b65a-341e865772c1.json,11e85907-a12a-4dbf-b65a-341e865772c1,2a589653-896c-43ae-b33c-d125e52eb14e,completed,19,13,"{""VERIFIED"": 3, ""METADATA_MISMATCH"": 0, ""NEEDS_REVIEW"": 16, ""NOT_FOUND"": 0, ""LOOKUP_FAILED"": 0}"
1288c5e3-826e-4fcf-8132-84fe9c4c2474.json,1288c5e3-826e-4fcf-8132-84fe9c4c2474,92574678-2554-4a1c-83b7-7a24822e060f,completed_with_errors,69,42,"{""VERIFIED"": 0, ""METADATA_MISMATCH"": 0, ""NEEDS_REVIEW"": 52, ""NOT_FOUND"": 4, ""LOOKUP_FAILED"": 13}"
12d392c0-5b44-4752-8f27-d5212b8d7951.json,12d392c0-5b44-4752-8f27-d5212b8d7951,2a589653-896c-43ae-b33c-d125e52eb14e,completed_with_errors,19,0,"{""VERIFIED"": 0, ""METADATA_MISMATCH"": 0, ""NEEDS_REVIEW"": 0, ""NOT_FOUND"": 0, ""LOOKUP_FAILED"": 19}"
14747262-9e6a-4c06-b42e-03d10ff53d8f.json,14747262-9e6a-4c06-b42e-03d10ff53d8f,cdb78a91-0c8c-4e49-901e-510bae3575c4,completed_with_errors,19,0,"{""VERIFIED"": 0, ""METADATA_MISMATCH"": 0, ""NEEDS_REVIEW"": 0, ""NOT_FOUND"": 0, ""LOOKUP_FAILED"": 19}"
1cf98b95-fc47-4e33-870c-2eea29c16700.json,1cf98b95-fc47-4e33-870c-2eea29c16700,92574678-2554-4a1c-83b7-7a24822e060f,completed,69,0,"{""VERIFIED"": 0, ""METADATA_MISMATCH"": 0, ""NEEDS_REVIEW"": 68, ""NOT_FOUND"": 1, ""LOOKUP_FAILED"": 0}"
208e8ce1-bc1d-401a-a34b-9e70e979b842.json,208e8ce1-bc1d-401a-a34b-9e70e979b842,2a589653-896c-43ae-b33c-d125e52eb14e,completed,19,0,"{""VERIFIED"": 0, ""METADATA_MISMATCH"": 0, ""NEEDS_REVIEW"": 19, ""NOT_FOUND"": 0, ""LOOKUP_FAILED"": 0}"
33782190-cb8d-4171-b5b1-9e858a4cc0bb.json,33782190-cb8d-4171-b5b1-9e858a4cc0bb,2a589653-896c-43ae-b33c-d125e52eb14e,completed_with_errors,19,0,"{""VERIFIED"": 0, ""METADATA_MISMATCH"": 0, ""NEEDS_REVIEW"": 0, ""NOT_FOUND"": 0, ""LOOKUP_FAILED"": 19}"
34784dd4-37fb-499f-a200-9db35b87418b.json,34784dd4-37fb-499f-a200-9db35b87418b,2a589653-896c-43ae-b33c-d125e52eb14e,completed,19,13,"{""VERIFIED"": 3, ""METADATA_MISMATCH"": 0, ""NEEDS_REVIEW"": 16, ""NOT_FOUND"": 0, ""LOOKUP_FAILED"": 0}"
42757aa4-1cde-4638-b42a-d970efaca9b6.json,42757aa4-1cde-4638-b42a-d970efaca9b6,717fa016-4985-4ea7-8df3-9819b61f67bb,completed_with_errors,17,0,"{""VERIFIED"": 0, ""METADATA_MISMATCH"": 0, ""NEEDS_REVIEW"": 0, ""NOT_FOUND"": 0, ""LOOKUP_FAILED"": 17}"
4ef6c57a-fc9c-4ff6-8a2a-60915e855afd.json,4ef6c57a-fc9c-4ff6-8a2a-60915e855afd,717fa016-4985-4ea7-8df3-9819b61f67bb,completed_with_errors,17,0,"{""VERIFIED"": 0, ""METADATA_MISMATCH"": 0, ""NEEDS_REVIEW"": 0, ""NOT_FOUND"": 0, ""LOOKUP_FAILED"": 17}"
50ef104e-65b1-4e34-b8d0-1b01b4d55ed4.json,50ef104e-65b1-4e34-b8d0-1b01b4d55ed4,2a589653-896c-43ae-b33c-d125e52eb14e,completed_with_errors,19,0,"{""VERIFIED"": 0, ""METADATA_MISMATCH"": 0, ""NEEDS_REVIEW"": 0, ""NOT_FOUND"": 0, ""LOOKUP_FAILED"": 19}"
5b32158c-905d-408d-ad59-367130e07f09.json,5b32158c-905d-408d-ad59-367130e07f09,f940bcbf-fe2e-44ec-8022-c0786133ebf5,completed,48,37,"{""VERIFIED"": 0, ""METADATA_MISMATCH"": 0, ""NEEDS_REVIEW"": 42, ""NOT_FOUND"": 6, ""LOOKUP_FAILED"": 0}"
778e7c30-37d8-4453-bc33-44ce1fbdd640.json,778e7c30-37d8-4453-bc33-44ce1fbdd640,2a589653-896c-43ae-b33c-d125e52eb14e,completed,19,0,"{""VERIFIED"": 0, ""METADATA_MISMATCH"": 0, ""NEEDS_REVIEW"": 19, ""NOT_FOUND"": 0, ""LOOKUP_FAILED"": 0}"
8acf7ab9-2b3f-4b2d-8d46-612e87b957d7.json,8acf7ab9-2b3f-4b2d-8d46-612e87b957d7,92574678-2554-4a1c-83b7-7a24822e060f,completed_with_errors,69,0,"{""VERIFIED"": 0, ""METADATA_MISMATCH"": 0, ""NEEDS_REVIEW"": 0, ""NOT_FOUND"": 0, ""LOOKUP_FAILED"": 69}"
8e301ca7-fd47-4fc5-a5e3-6540305b83ba.json,8e301ca7-fd47-4fc5-a5e3-6540305b83ba,2a589653-896c-43ae-b33c-d125e52eb14e,completed,19,0,"{""VERIFIED"": 0, ""METADATA_MISMATCH"": 0, ""NEEDS_REVIEW"": 19, ""NOT_FOUND"": 0, ""LOOKUP_FAILED"": 0}"
9a0f2f16-6d34-40ac-9aed-137670f8ce6c.json,9a0f2f16-6d34-40ac-9aed-137670f8ce6c,92574678-2554-4a1c-83b7-7a24822e060f,completed_with_errors,69,0,"{""VERIFIED"": 0, ""METADATA_MISMATCH"": 0, ""NEEDS_REVIEW"": 0, ""NOT_FOUND"": 0, ""LOOKUP_FAILED"": 69}"
a1b0e21b-bfa9-4558-852a-9c0ad6dfa779.json,a1b0e21b-bfa9-4558-852a-9c0ad6dfa779,2a589653-896c-43ae-b33c-d125e52eb14e,completed_with_errors,19,0,"{""VERIFIED"": 0, ""METADATA_MISMATCH"": 0, ""NEEDS_REVIEW"": 0, ""NOT_FOUND"": 0, ""LOOKUP_FAILED"": 19}"
bc3c31a2-3cdb-45e9-ac05-9f78942db908.json,bc3c31a2-3cdb-45e9-ac05-9f78942db908,92574678-2554-4a1c-83b7-7a24822e060f,completed,69,0,"{""VERIFIED"": 0, ""METADATA_MISMATCH"": 0, ""NEEDS_REVIEW"": 68, ""NOT_FOUND"": 1, ""LOOKUP_FAILED"": 0}"
cd4dd4cc-835e-4704-873a-0f4fd3e25dd8.json,cd4dd4cc-835e-4704-873a-0f4fd3e25dd8,2a589653-896c-43ae-b33c-d125e52eb14e,completed_with_errors,19,0,"{""VERIFIED"": 0, ""METADATA_MISMATCH"": 0, ""NEEDS_REVIEW"": 0, ""NOT_FOUND"": 0, ""LOOKUP_FAILED"": 19}"
d1ad7ed0-6ecc-4272-b871-2591c768d4b3.json,d1ad7ed0-6ecc-4272-b871-2591c768d4b3,2a589653-896c-43ae-b33c-d125e52eb14e,completed,19,0,"{""VERIFIED"": 0, ""METADATA_MISMATCH"": 0, ""NEEDS_REVIEW"": 19, ""NOT_FOUND"": 0, ""LOOKUP_FAILED"": 0}"
d6db6492-1ea7-482b-b14c-897f71324ee7.json,d6db6492-1ea7-482b-b14c-897f71324ee7,f940bcbf-fe2e-44ec-8022-c0786133ebf5,completed,48,0,"{""VERIFIED"": 0, ""METADATA_MISMATCH"": 0, ""NEEDS_REVIEW"": 48, ""NOT_FOUND"": 0, ""LOOKUP_FAILED"": 0}"
da3a95a8-2685-4683-bff2-6a4723836da9.json,da3a95a8-2685-4683-bff2-6a4723836da9,7bc83abf-48ed-431f-a6cc-eb3701aaa431,completed,19,0,"{""VERIFIED"": 0, ""METADATA_MISMATCH"": 0, ""NEEDS_REVIEW"": 19, ""NOT_FOUND"": 0, ""LOOKUP_FAILED"": 0}"
ebd300e4-4963-4fdc-9a41-ee20e9de61df.json,ebd300e4-4963-4fdc-9a41-ee20e9de61df,2a589653-896c-43ae-b33c-d125e52eb14e,completed,19,0,"{""VERIFIED"": 0, ""METADATA_MISMATCH"": 0, ""NEEDS_REVIEW"": 19, ""NOT_FOUND"": 0, ""LOOKUP_FAILED"": 0}"
