is_primary,record_id,provider,doi,source_venue,source_title,source_year,source_authors,input_entry_key,input_entry_type,input_raw_text,audit_status,input_paper_id,audit_id,audit_file
yes,crossref:10.52202/079017-1526,crossref,10.52202/079017-1526,Advances in Neural Information Processing Systems 37,Graph Neural Networks Do Not Always Oversmooth,2024,"Epping, Bastian; René, Alexandre; Helias, Moritz; Schaub, Michael",1,misc,"[1] Bastian Epping, Alexandre René, Moritz Helias, and Michael T. Schaub. 2024. Graph Neural Networks Do Not Always Oversmooth. In Advances in Neural Information Processing Systems (NeurIPS), Vol. 37. 48164–48188.",NEEDS_REVIEW,2a589653-896c-43ae-b33c-d125e52eb14e,083cab62-d5e2-43bb-bc90-11fe584e7e1e,083cab62-d5e2-43bb-bc90-11fe584e7e1e.json
yes,crossref:10.18653/v1/d18-1280,crossref,10.18653/v1/d18-1280,Proceedings of the 2018 Conference on Empirical Methods in Natural Language Processing,ICON: Interactive Conversational Memory Network for Multimodal Emotion Detection,2018,"Hazarika, Devamanyu; Poria, Soujanya; Mihalcea, Rada; Cambria, Erik; Zimmermann, Roger",3,misc,"[3] Devamanyu Hazarika, Soujanya Poria, Rada Mihalcea, Erik Cambria, and Roger Zimmermann. 2018. Icon: Interactive conversational memory network for multimodal emotion detection. In Proceedings of the 2018 conference on empirical methods in natural language processing. 2594–2604.",NEEDS_REVIEW,2a589653-896c-43ae-b33c-d125e52eb14e,083cab62-d5e2-43bb-bc90-11fe584e7e1e,083cab62-d5e2-43bb-bc90-11fe584e7e1e.json
yes,crossref:10.1016/j.neucom.2024.128645,crossref,10.1016/j.neucom.2024.128645,Neurocomputing,A comprehensive survey on contrastive learning,2024,"Hu, Haigen; Wang, Xiaoyuan; Zhang, Yan; Chen, Qi; Guan, Qiu",5,misc,"[5] Haigen Hu, Xiaoyuan Wang, Yan Zhang, Qi Chen, and Qiu Guan. 2024. A comprehensive survey on contrastive learning. Neurocomputing 610",NEEDS_REVIEW,2a589653-896c-43ae-b33c-d125e52eb14e,083cab62-d5e2-43bb-bc90-11fe584e7e1e,083cab62-d5e2-43bb-bc90-11fe584e7e1e.json
yes,crossref:10.1007/s10115-025-02548-6,crossref,10.1007/s10115-025-02548-6,Knowledge and Information Systems,Oversmoothing alleviation in graph neural networks: a survey and unified view,2025,"Jin, Yufei; Zhu, Xingquan",7,misc,[7] Xinyi Li et al. 2024. Oversmoothing Alleviation in Graph Neural Networks: A Survey and Unified View. arXiv preprint arXiv:2405.01663 (2024).,NEEDS_REVIEW,2a589653-896c-43ae-b33c-d125e52eb14e,083cab62-d5e2-43bb-bc90-11fe584e7e1e,083cab62-d5e2-43bb-bc90-11fe584e7e1e.json
yes,crossref:10.3233/faia251292,crossref,10.3233/faia251292,Frontiers in Artificial Intelligence and Applications,Long-Short Distance Graph Neural Networks and Improved Curriculum Learning for Emotion Recognition in Conversation,2025,"Li, Xinran; Xu, Xiujuan; Qiao, Jiaqi",8,misc,"[8] Xinran Li, Xiujuan Xu, and Jiaqi Qiao. 2025. Long-Short Distance Graph Neural Networks and Improved Curriculum Learning for Emotion Recognition in Conversation. arXiv preprint arXiv:2507.15205 (2025).",NEEDS_REVIEW,2a589653-896c-43ae-b33c-d125e52eb14e,083cab62-d5e2-43bb-bc90-11fe584e7e1e,083cab62-d5e2-43bb-bc90-11fe584e7e1e.json
yes,crossref:10.18653/v1/p17-1081,crossref,10.18653/v1/p17-1081,"Proceedings of the 55th Annual Meeting of the Association for
          Computational Linguistics (Volume 1: Long Papers)",Context-Dependent Sentiment Analysis in User-Generated Videos,2017,"Poria, Soujanya; Cambria, Erik; Hazarika, Devamanyu; Majumder, Navonil; Zadeh, Amir; Morency, Louis-Philippe",10,misc,[10] Soujanya Poria et al. 2017. Context-dependent sentiment analysis in user-generated videos. In ACL.,NEEDS_REVIEW,2a589653-896c-43ae-b33c-d125e52eb14e,083cab62-d5e2-43bb-bc90-11fe584e7e1e,083cab62-d5e2-43bb-bc90-11fe584e7e1e.json
yes,crossref:10.18653/v1/2020.findings-emnlp.224,crossref,10.18653/v1/2020.findings-emnlp.224,Findings of the Association for Computational Linguistics: EMNLP 2020,COSMIC: COmmonSense knowledge for eMotion Identification in Conversations,2020,"Ghosal, Deepanway; Majumder, Navonil; Gelbukh, Alexander; Mihalcea, Rada; Poria, Soujanya",11,misc,[11] Soujanya Poria et al. 2020. COSMIC: COmmonSense knowledge for eMotion Identification in Conversations. In Findings of EMNLP.,NEEDS_REVIEW,2a589653-896c-43ae-b33c-d125e52eb14e,083cab62-d5e2-43bb-bc90-11fe584e7e1e,083cab62-d5e2-43bb-bc90-11fe584e7e1e.json
yes,crossref:10.18653/v1/2021.acl-long.123,crossref,10.18653/v1/2021.acl-long.123,Proceedings of the 59th Annual Meeting of the Association for Computational Linguistics and the 11th International Joint Conference on Natural Language Processing (Volume 1: Long Papers),Directed Acyclic Graph Network for Conversational Emotion Recognition,2021,"Shen, Weizhou; Wu, Siyue; Yang, Yunyi; Quan, Xiaojun",13,misc,[13] Weizhou Shen et al. 2021. Directed acyclic graph network for conversational emotion recognition. In ACL.,NEEDS_REVIEW,2a589653-896c-43ae-b33c-d125e52eb14e,083cab62-d5e2-43bb-bc90-11fe584e7e1e,083cab62-d5e2-43bb-bc90-11fe584e7e1e.json
yes,crossref:10.1609/aaai.v38i17.29876,crossref,10.1609/aaai.v38i17.29876,Proceedings of the AAAI Conference on Artificial Intelligence,Adaptive Graph Learning for Multimodal Conversational Emotion Detection,2024,"Tu, Geng; Xie, Tian; Liang, Bin; Wang, Hongpeng; Xu, Ruifeng",14,misc,"[14] Geng Tu et al. 2024. Adaptive Graph Learning for Multimodal Conversational Emotion Detection. In Proceedings of the AAAI Conference on Artificial Intelligence, Vol. 38.",NEEDS_REVIEW,2a589653-896c-43ae-b33c-d125e52eb14e,083cab62-d5e2-43bb-bc90-11fe584e7e1e,083cab62-d5e2-43bb-bc90-11fe584e7e1e.json
yes,crossref:10.18653/v1/2024.findings-naacl.282,crossref,10.18653/v1/2024.findings-naacl.282,Findings of the Association for Computational Linguistics: NAACL 2024,Emotion-Anchored Contrastive Learning Framework for Emotion Recognition in Conversation,2024,"Yu, Fangxu; Guo, Junjie; Wu, Zhen; Dai, Xinyu",16,misc,"[16] Fangxu Yu, Junjie Guo, Zhen Wu, and Xinyu Dai. 2024. Emotion-Anchored Contrastive Learning Framework for Emotion Recognition in Conversation. In Findings of the Association for Computational Linguistics: NAACL 2024. Association for Computational Linguistics, 4521–4534.",NEEDS_REVIEW,2a589653-896c-43ae-b33c-d125e52eb14e,083cab62-d5e2-43bb-bc90-11fe584e7e1e,083cab62-d5e2-43bb-bc90-11fe584e7e1e.json
yes,crossref:10.1109/access.2025.3605729,crossref,10.1109/access.2025.3605729,IEEE Access,Context-Aware Directed Acyclic Graph Network for Conversational Aspect-Based Sentiment Quadruple Analysis,2025,"Zhang, Qiang; Zeng, Jie; Zhang, Runze; Cui, Dong",18,misc,[18] Q. Zhang et al. 2025. Context-Aware Directed Acyclic Graph Network for Conversational Aspect-Based Sentiment Quadruple Analysis. IEEE Access 13 (2025).,NEEDS_REVIEW,2a589653-896c-43ae-b33c-d125e52eb14e,083cab62-d5e2-43bb-bc90-11fe584e7e1e,083cab62-d5e2-43bb-bc90-11fe584e7e1e.json
yes,crossref:10.1609/aaai.v37i11.26641,crossref,10.1609/aaai.v37i11.26641,Proceedings of the AAAI Conference on Artificial Intelligence,Knowledge-Bridged Causal Interaction Network for Causal Emotion Entailment,2023,"Zhao, Weixiang; Zhao, Yanyan; Li, Zhuojun; Qin, Bing",19,misc,"[19] Weixiang Zhao, Yanyan Zhao, Zhuojun Li, and Bing Qin. 2023. Knowledge-bridged causal interaction network for causal emotion entailment. In Proceedings of the AAAI Conference on Artificial Intelligence, Vol. 37. 14020–14028.",NEEDS_REVIEW,2a589653-896c-43ae-b33c-d125e52eb14e,083cab62-d5e2-43bb-bc90-11fe584e7e1e,083cab62-d5e2-43bb-bc90-11fe584e7e1e.json
no,crossref:10.52202/079017-1526,crossref,10.52202/079017-1526,Advances in Neural Information Processing Systems 37,Graph Neural Networks Do Not Always Oversmooth,2024,"Epping, Bastian; René, Alexandre; Helias, Moritz; Schaub, Michael",1,misc,"[1] Bastian Epping, Alexandre René, Moritz Helias, and Michael T. Schaub. 2024. Graph Neural Networks Do Not Always Oversmooth. In Advances in Neural Information Processing Systems (NeurIPS), Vol. 37. 48164–48188.",NEEDS_REVIEW,2a589653-896c-43ae-b33c-d125e52eb14e,11e85907-a12a-4dbf-b65a-341e865772c1,11e85907-a12a-4dbf-b65a-341e865772c1.json
no,crossref:10.18653/v1/d18-1280,crossref,10.18653/v1/d18-1280,Proceedings of the 2018 Conference on Empirical Methods in Natural Language Processing,ICON: Interactive Conversational Memory Network for Multimodal Emotion Detection,2018,"Hazarika, Devamanyu; Poria, Soujanya; Mihalcea, Rada; Cambria, Erik; Zimmermann, Roger",3,misc,"[3] Devamanyu Hazarika, Soujanya Poria, Rada Mihalcea, Erik Cambria, and Roger Zimmermann. 2018. Icon: Interactive conversational memory network for multimodal emotion detection. In Proceedings of the 2018 conference on empirical methods in natural language processing. 2594–2604.",VERIFIED,2a589653-896c-43ae-b33c-d125e52eb14e,11e85907-a12a-4dbf-b65a-341e865772c1,11e85907-a12a-4dbf-b65a-341e865772c1.json
no,crossref:10.1016/j.neucom.2024.128645,crossref,10.1016/j.neucom.2024.128645,Neurocomputing,A comprehensive survey on contrastive learning,2024,"Hu, Haigen; Wang, Xiaoyuan; Zhang, Yan; Chen, Qi; Guan, Qiu",5,misc,"[5] Haigen Hu, Xiaoyuan Wang, Yan Zhang, Qi Chen, and Qiu Guan. 2024. A comprehensive survey on contrastive learning. Neurocomputing 610",NEEDS_REVIEW,2a589653-896c-43ae-b33c-d125e52eb14e,11e85907-a12a-4dbf-b65a-341e865772c1,11e85907-a12a-4dbf-b65a-341e865772c1.json
yes,openalex:W4413378426,openalex,10.1007/s10115-025-02548-6,Knowledge and Information Systems,Oversmoothing alleviation in graph neural networks: a survey and unified view,2025,Yufei Jin; Xingquan Zhu,7,misc,[7] Xinyi Li et al. 2024. Oversmoothing Alleviation in Graph Neural Networks: A Survey and Unified View. arXiv preprint arXiv:2405.01663 (2024).,NEEDS_REVIEW,2a589653-896c-43ae-b33c-d125e52eb14e,11e85907-a12a-4dbf-b65a-341e865772c1,11e85907-a12a-4dbf-b65a-341e865772c1.json
no,crossref:10.3233/faia251292,crossref,10.3233/faia251292,Frontiers in Artificial Intelligence and Applications,Long-Short Distance Graph Neural Networks and Improved Curriculum Learning for Emotion Recognition in Conversation,2025,"Li, Xinran; Xu, Xiujuan; Qiao, Jiaqi",8,misc,"[8] Xinran Li, Xiujuan Xu, and Jiaqi Qiao. 2025. Long-Short Distance Graph Neural Networks and Improved Curriculum Learning for Emotion Recognition in Conversation. arXiv preprint arXiv:2507.15205 (2025).",NEEDS_REVIEW,2a589653-896c-43ae-b33c-d125e52eb14e,11e85907-a12a-4dbf-b65a-341e865772c1,11e85907-a12a-4dbf-b65a-341e865772c1.json
yes,crossref:10.1609/aaai.v33i01.33016818,crossref,10.1609/aaai.v33i01.33016818,Proceedings of the AAAI Conference on Artificial Intelligence,DialogueRNN: An Attentive RNN for Emotion Detection in Conversations,2019,"Majumder, Navonil; Poria, Soujanya; Hazarika, Devamanyu; Mihalcea, Rada; Gelbukh, Alexander; Cambria, Erik",9,misc,[9] Navonil Majumder et al. 2019. DialogueRNN: An attentive RNN for emotion detection in conversations. In AAAI.,NEEDS_REVIEW,2a589653-896c-43ae-b33c-d125e52eb14e,11e85907-a12a-4dbf-b65a-341e865772c1,11e85907-a12a-4dbf-b65a-341e865772c1.json
no,crossref:10.18653/v1/p17-1081,crossref,10.18653/v1/p17-1081,"Proceedings of the 55th Annual Meeting of the Association for
          Computational Linguistics (Volume 1: Long Papers)",Context-Dependent Sentiment Analysis in User-Generated Videos,2017,"Poria, Soujanya; Cambria, Erik; Hazarika, Devamanyu; Majumder, Navonil; Zadeh, Amir; Morency, Louis-Philippe",10,misc,[10] Soujanya Poria et al. 2017. Context-dependent sentiment analysis in user-generated videos. In ACL.,NEEDS_REVIEW,2a589653-896c-43ae-b33c-d125e52eb14e,11e85907-a12a-4dbf-b65a-341e865772c1,11e85907-a12a-4dbf-b65a-341e865772c1.json
no,crossref:10.18653/v1/2020.findings-emnlp.224,crossref,10.18653/v1/2020.findings-emnlp.224,Findings of the Association for Computational Linguistics: EMNLP 2020,COSMIC: COmmonSense knowledge for eMotion Identification in Conversations,2020,"Ghosal, Deepanway; Majumder, Navonil; Gelbukh, Alexander; Mihalcea, Rada; Poria, Soujanya",11,misc,[11] Soujanya Poria et al. 2020. COSMIC: COmmonSense knowledge for eMotion Identification in Conversations. In Findings of EMNLP.,NEEDS_REVIEW,2a589653-896c-43ae-b33c-d125e52eb14e,11e85907-a12a-4dbf-b65a-341e865772c1,11e85907-a12a-4dbf-b65a-341e865772c1.json
no,crossref:10.18653/v1/2021.acl-long.123,crossref,10.18653/v1/2021.acl-long.123,Proceedings of the 59th Annual Meeting of the Association for Computational Linguistics and the 11th International Joint Conference on Natural Language Processing (Volume 1: Long Papers),Directed Acyclic Graph Network for Conversational Emotion Recognition,2021,"Shen, Weizhou; Wu, Siyue; Yang, Yunyi; Quan, Xiaojun",13,misc,[13] Weizhou Shen et al. 2021. Directed acyclic graph network for conversational emotion recognition. In ACL.,NEEDS_REVIEW,2a589653-896c-43ae-b33c-d125e52eb14e,11e85907-a12a-4dbf-b65a-341e865772c1,11e85907-a12a-4dbf-b65a-341e865772c1.json
no,crossref:10.1609/aaai.v38i17.29876,crossref,10.1609/aaai.v38i17.29876,Proceedings of the AAAI Conference on Artificial Intelligence,Adaptive Graph Learning for Multimodal Conversational Emotion Detection,2024,"Tu, Geng; Xie, Tian; Liang, Bin; Wang, Hongpeng; Xu, Ruifeng",14,misc,"[14] Geng Tu et al. 2024. Adaptive Graph Learning for Multimodal Conversational Emotion Detection. In Proceedings of the AAAI Conference on Artificial Intelligence, Vol. 38.",NEEDS_REVIEW,2a589653-896c-43ae-b33c-d125e52eb14e,11e85907-a12a-4dbf-b65a-341e865772c1,11e85907-a12a-4dbf-b65a-341e865772c1.json
no,crossref:10.18653/v1/2024.findings-naacl.282,crossref,10.18653/v1/2024.findings-naacl.282,Findings of the Association for Computational Linguistics: NAACL 2024,Emotion-Anchored Contrastive Learning Framework for Emotion Recognition in Conversation,2024,"Yu, Fangxu; Guo, Junjie; Wu, Zhen; Dai, Xinyu",16,misc,"[16] Fangxu Yu, Junjie Guo, Zhen Wu, and Xinyu Dai. 2024. Emotion-Anchored Contrastive Learning Framework for Emotion Recognition in Conversation. In Findings of the Association for Computational Linguistics: NAACL 2024. Association for Computational Linguistics, 4521–4534.",VERIFIED,2a589653-896c-43ae-b33c-d125e52eb14e,11e85907-a12a-4dbf-b65a-341e865772c1,11e85907-a12a-4dbf-b65a-341e865772c1.json
no,crossref:10.1109/access.2025.3605729,crossref,10.1109/access.2025.3605729,IEEE Access,Context-Aware Directed Acyclic Graph Network for Conversational Aspect-Based Sentiment Quadruple Analysis,2025,"Zhang, Qiang; Zeng, Jie; Zhang, Runze; Cui, Dong",18,misc,[18] Q. Zhang et al. 2025. Context-Aware Directed Acyclic Graph Network for Conversational Aspect-Based Sentiment Quadruple Analysis. IEEE Access 13 (2025).,NEEDS_REVIEW,2a589653-896c-43ae-b33c-d125e52eb14e,11e85907-a12a-4dbf-b65a-341e865772c1,11e85907-a12a-4dbf-b65a-341e865772c1.json
no,crossref:10.1609/aaai.v37i11.26641,crossref,10.1609/aaai.v37i11.26641,Proceedings of the AAAI Conference on Artificial Intelligence,Knowledge-Bridged Causal Interaction Network for Causal Emotion Entailment,2023,"Zhao, Weixiang; Zhao, Yanyan; Li, Zhuojun; Qin, Bing",19,misc,"[19] Weixiang Zhao, Yanyan Zhao, Zhuojun Li, and Bing Qin. 2023. Knowledge-bridged causal interaction network for causal emotion entailment. In Proceedings of the AAAI Conference on Artificial Intelligence, Vol. 37. 14020–14028.",VERIFIED,2a589653-896c-43ae-b33c-d125e52eb14e,11e85907-a12a-4dbf-b65a-341e865772c1,11e85907-a12a-4dbf-b65a-341e865772c1.json
yes,openalex:W2558203065,openalex,w2558203065,Neural Information Processing Systems,MS MARCO: A Human Generated MAchine Reading COmprehension Dataset.,2016,Tri Gia Nguyen; Mir Rosenberg; Song Xia; Jianfeng Gao; Saurabh Tiwary; Rangan Majumder; Li Deng,1,misc,"[1] Payal Bajaj, Daniel Campos, Nick Craswell, Li Deng, Jianfeng Gao, Xiaodong Liu, Rangan Majumder, Andrew McNamara, Bhaskar Mitra, Tri Nguyen, Mir Rosenberg, Xia Song, Alina Stoica, Saurabh Tiwary, and Tong Wang. MS MARCO: A Human Generated MAchine Reading COmprehension Dataset. arXiv:1611.09268 [cs], November 2016. URL http: //arxiv.org/abs/1611.09268. arXiv: 1611.09268.",NEEDS_REVIEW,92574678-2554-4a1c-83b7-7a24822e060f,1288c5e3-826e-4fcf-8132-84fe9c4c2474,1288c5e3-826e-4fcf-8132-84fe9c4c2474.json
yes,openalex:W1801866228,openalex,10.1007/978-3-319-24027-5_20,Lecture notes in computer science,Modeling of the Question Answering Task in the YodaQA System,2015,P Baudis; Ján Šedivý,2,misc,"[2] Petr Baudiš and Jan Šediv`y. Modeling of the question answering task in the yodaqa system. In International Conference of the Cross-Language Evaluation Forum for European Languages, pages 222–228. Springer, 2015. URL https://link.springer.com/chapter/10.1007% 2F978-3-319-24027-5_20.",NEEDS_REVIEW,92574678-2554-4a1c-83b7-7a24822e060f,1288c5e3-826e-4fcf-8132-84fe9c4c2474,1288c5e3-826e-4fcf-8132-84fe9c4c2474.json
yes,openalex:W2252136820,openalex,10.18653/v1/d13-1160,Proceedings of the 2013 Conference on Empirical Methods in Natural Language Processing,Semantic Parsing on Freebase from Question-Answer Pairs,2013,Jonathan Berant; Andrew Chou; Roy Frostig; Percy Liang,3,misc,"[3] Jonathan Berant, Andrew Chou, Roy Frostig, and Percy Liang. Semantic Parsing on Freebase from Question-Answer Pairs. In Proceedings of the 2013 Conference on Empirical Methods in Natural Language Processing, pages 1533–1544, Seattle, Washington, USA, October 2013. Association for Computational Linguistics. URL http://www.aclweb.org/anthology/ D13-1160.",NEEDS_REVIEW,92574678-2554-4a1c-83b7-7a24822e060f,1288c5e3-826e-4fcf-8132-84fe9c4c2474,1288c5e3-826e-4fcf-8132-84fe9c4c2474.json
yes,openalex:W3016512233,openalex,10.48550/arxiv.2004.07159,arXiv (Cornell University),PALM: Pre-training an Autoencoding&Autoregressive Language Model for Context-conditioned Generation,2020,Bin Bi; Chenliang Li; Chen Wu; Ming Yan; Wei Wang; Songfang Huang; Fei Huang; Luo Si,4,misc,"[4] Bin Bi, Chenliang Li, Chen Wu, Ming Yan, and Wei Wang. Palm: Pre-training an autoencoding&autoregressive language model for context-conditioned generation. ArXiv, abs/2004.07159,",NEEDS_REVIEW,92574678-2554-4a1c-83b7-7a24822e060f,1288c5e3-826e-4fcf-8132-84fe9c4c2474,1288c5e3-826e-4fcf-8132-84fe9c4c2474.json
yes,openalex:W2962985038,openalex,10.18653/v1/p17-1171,Proceedings of the 55th Annual Meeting of the Association for Computational Linguistics (Volume 1: Long Papers),Reading Wikipedia to Answer Open-Domain Questions,2017,Danqi Chen; Adam Fisch; Jason Weston; Antoine Bordes,5,misc,"[5] Danqi Chen, Adam Fisch, Jason Weston, and Antoine Bordes. Reading Wikipedia to Answer Open-Domain Questions. In Proceedings of the 55th Annual Meeting of the Association for Computational Linguistics (Volume 1: Long Papers), pages 1870–1879, Vancouver, Canada, July 2017. Association for Computational Linguistics. doi: 10.18653/v1/P17-1171. URL https://www.aclweb.org/anthology/P17-1171.",NEEDS_REVIEW,92574678-2554-4a1c-83b7-7a24822e060f,1288c5e3-826e-4fcf-8132-84fe9c4c2474,1288c5e3-826e-4fcf-8132-84fe9c4c2474.json
yes,crossref:10.18653/v1/p17-1020,crossref,10.18653/v1/p17-1020,"Proceedings of the 55th Annual Meeting of the Association for
          Computational Linguistics (Volume 1: Long Papers)",Coarse-to-Fine Question Answering for Long Documents,2017,"Choi, Eunsol; Hewlett, Daniel; Uszkoreit, Jakob; Polosukhin, Illia; Lacoste, Alexandre; Berant, Jonathan",6,misc,"[6] Eunsol Choi, Daniel Hewlett, Jakob Uszkoreit, Illia Polosukhin, Alexandre Lacoste, and Jonathan Berant. Coarse-to-ﬁne question answering for long documents. In Proceedings of the 55th Annual Meeting of the Association for Computational Linguistics (Volume 1: Long Papers), pages 209–220, Vancouver, Canada, July 2017. Association for Computational Linguistics. doi: 10.18653/v1/P17-1020. URL https://www.aclweb.org/anthology/P17-1020.",NEEDS_REVIEW,92574678-2554-4a1c-83b7-7a24822e060f,1288c5e3-826e-4fcf-8132-84fe9c4c2474,1288c5e3-826e-4fcf-8132-84fe9c4c2474.json
yes,openalex:W2765390718,openalex,10.18653/v1/p18-1078,Proceedings of the 56th Annual Meeting of the Association for Computational Linguistics (Volume 1: Long Papers),Simple and Effective Multi-Paragraph Reading Comprehension,2018,Christopher Clark; Matt Gardner,7,misc,"[7] Christopher Clark and Matt Gardner. Simple and Effective Multi-Paragraph Reading Comprehension. arXiv:1710.10723 [cs], October 2017. URL http://arxiv.org/abs/1710.10723. arXiv: 1710.10723.",NEEDS_REVIEW,92574678-2554-4a1c-83b7-7a24822e060f,1288c5e3-826e-4fcf-8132-84fe9c4c2474,1288c5e3-826e-4fcf-8132-84fe9c4c2474.json
yes,openalex:W2963341956,openalex,10.18653/v1/n19-1423,"Proceedings of the 2019 Conference of the North American Chapter of the Association for Computational Linguistics: Human Language Technologies, Volume 1 (Long and Short Papers)",BERT: Pre-training of Deep Bidirectional Transformers for Language Understanding,2019,Jacob Devlin; Ming‐Wei Chang; Kenton Lee; Kristina Toutanova,8,misc,"[8] Jacob Devlin, Ming-Wei Chang, Kenton Lee, and Kristina Toutanova. BERT: Pre-training of Deep Bidirectional Transformers for Language Understanding. In Proceedings of the 2019 Conference of the North American Chapter of the Association for Computational Linguistics: Human Language Technologies, Volume 1 (Long and Short Papers), pages 4171–4186, Minneapolis, Minnesota, June 2019. Association for Computational Linguistics. doi: 10.18653/v1/N19-1423. URL https://www.aclweb.org/anthology/N19-1423.",NEEDS_REVIEW,92574678-2554-4a1c-83b7-7a24822e060f,1288c5e3-826e-4fcf-8132-84fe9c4c2474,1288c5e3-826e-4fcf-8132-84fe9c4c2474.json
yes,openalex:W2898875342,openalex,10.48550/arxiv.1811.01241,arXiv (Cornell University),Wizard of Wikipedia: Knowledge-Powered Conversational agents,2018,Emily Dinan; Stephen Roller; Kurt Shuster; Angela Fan; Michael Auli; Jason Weston,9,misc,"[9] Emily Dinan, Stephen Roller, Kurt Shuster, Angela Fan, Michael Auli, and Jason Weston. Wizard of wikipedia: Knowledge-powered conversational agents. In International Conference on Learning Representations, 2019. URL https://openreview.net/forum?id=r1l73iRqKm.",NEEDS_REVIEW,92574678-2554-4a1c-83b7-7a24822e060f,1288c5e3-826e-4fcf-8132-84fe9c4c2474,1288c5e3-826e-4fcf-8132-84fe9c4c2474.json
yes,openalex:W2609826708,openalex,10.48550/arxiv.1704.05179,arXiv (Cornell University),SearchQA: A New Q&A Dataset Augmented with Context from a Search Engine,2017,Matthew Dunn; Levent Sagun; Mike Higgins; V. Uğur Güney; Volkan Cirik; Kyunghyun Cho,10,misc,"[10] Matthew Dunn, Levent Sagun, Mike Higgins, V. Ugur Guney, Volkan Cirik, and Kyunghyun Cho. SearchQA: A New Q&A Dataset Augmented with Context from a Search Engine. arXiv:1704.05179 [cs], April 2017. URL http://arxiv.org/abs/1704.05179. arXiv: 1704.05179.",NEEDS_REVIEW,92574678-2554-4a1c-83b7-7a24822e060f,1288c5e3-826e-4fcf-8132-84fe9c4c2474,1288c5e3-826e-4fcf-8132-84fe9c4c2474.json
yes,openalex:W2963096510,openalex,10.18653/v1/p18-1082,Proceedings of the 56th Annual Meeting of the Association for Computational Linguistics (Volume 1: Long Papers),Hierarchical Neural Story Generation,2018,Angela Fan; Mike Lewis; Yann Dauphin,11,misc,"[11] Angela Fan, Mike Lewis, and Yann Dauphin. Hierarchical neural story generation. In Proceedings of the 56th Annual Meeting of the Association for Computational Linguistics (Volume 1: Long Papers), pages 889–898, Melbourne, Australia, July 2018. Association for Computational Linguistics. doi: 10.18653/v1/P18-1082. URL https://www.aclweb.org/anthology/ P18-1082.",NEEDS_REVIEW,92574678-2554-4a1c-83b7-7a24822e060f,1288c5e3-826e-4fcf-8132-84fe9c4c2474,1288c5e3-826e-4fcf-8132-84fe9c4c2474.json
yes,openalex:W2950681488,openalex,10.18653/v1/p19-1346,Proceedings of the 57th Annual Meeting of the Association for Computational Linguistics,ELI5: Long Form Question Answering,2019,Angela Fan; Yacine Jernite; Ethan Perez; David Grangier; Jason Weston; Michael Auli,12,misc,"[12] Angela Fan, Yacine Jernite, Ethan Perez, David Grangier, Jason Weston, and Michael Auli. ELI5: Long form question answering. In Proceedings of the 57th Annual Meeting of the Association for Computational Linguistics, pages 3558–3567, Florence, Italy, July 2019. Association for Computational Linguistics. doi: 10.18653/v1/P19-1346. URL https://www.aclweb.org/ anthology/P19-1346.",NEEDS_REVIEW,92574678-2554-4a1c-83b7-7a24822e060f,1288c5e3-826e-4fcf-8132-84fe9c4c2474,1288c5e3-826e-4fcf-8132-84fe9c4c2474.json
yes,openalex:W4287814746,openalex,w4287814746,arXiv (Cornell University),Entities as Experts: Sparse Memory Access with Entity Supervision,2020,"F\'evry, Thibault; Livio Baldini Soares; Nicholas FitzGerald; Eunsol Choi; Tom Kwiatkowski",14,misc,"[14] Thibault Févry, Livio Baldini Soares, Nicholas FitzGerald, Eunsol Choi, and Tom Kwiatkowski. Entities as experts: Sparse memory access with entity supervision. ArXiv, abs/2004.07202,",NEEDS_REVIEW,92574678-2554-4a1c-83b7-7a24822e060f,1288c5e3-826e-4fcf-8132-84fe9c4c2474,1288c5e3-826e-4fcf-8132-84fe9c4c2474.json
yes,openalex:W2586847566,openalex,10.1609/aaai.v32i1.11977,Proceedings of the AAAI Conference on Artificial Intelligence,A Knowledge-Grounded Neural Conversation Model,2018,Marjan Ghazvininejad; Chris Brockett; Ming‐Wei Chang; Bill Dolan; Jianfeng Gao; Wen-tau Yih; Michel Galley,15,misc,"[15] Marjan Ghazvininejad, Chris Brockett, Ming-Wei Chang, Bill Dolan, Jianfeng Gao, Wen tau Yih, and Michel Galley. A knowledge-grounded neural conversation model. In AAAI Conference on Artiﬁcial Intelligence, 2018. URL https://www.aaai.org/ocs/index.php/ AAAI/AAAI18/paper/view/16710.",NEEDS_REVIEW,92574678-2554-4a1c-83b7-7a24822e060f,1288c5e3-826e-4fcf-8132-84fe9c4c2474,1288c5e3-826e-4fcf-8132-84fe9c4c2474.json
yes,openalex:W2788330850,openalex,10.1609/aaai.v32i1.12013,Proceedings of the AAAI Conference on Artificial Intelligence,Search Engine Guided Neural Machine Translation,2018,Jiatao Gu; Yong Wang; Kyunghyun Cho; Victor O. K. Li,17,misc,"[17] Jiatao Gu, Yong Wang, Kyunghyun Cho, and Victor O.K. Li. Search engine guided neural machine translation. In AAAI Conference on Artiﬁcial Intelligence, 2018. URL https: //www.aaai.org/ocs/index.php/AAAI/AAAI18/paper/view/17282.",NEEDS_REVIEW,92574678-2554-4a1c-83b7-7a24822e060f,1288c5e3-826e-4fcf-8132-84fe9c4c2474,1288c5e3-826e-4fcf-8132-84fe9c4c2474.json
no,openalex:W2788330850,openalex,10.1609/aaai.v32i1.12013,Proceedings of the AAAI Conference on Artificial Intelligence,Search Engine Guided Neural Machine Translation,2018,Jiatao Gu; Yong Wang; Kyunghyun Cho; Victor O. K. Li,18,misc,"[18] Jiatao Gu, Yong Wang, Kyunghyun Cho, and Victor O.K. Li. Search engine guided neural machine translation. In 32nd AAAI Conference on Artiﬁcial Intelligence, AAAI 2018, 32nd AAAI Conference on Artiﬁcial Intelligence, AAAI 2018, pages 5133–5140. AAAI press, 2018. 32nd AAAI Conference on Artiﬁcial Intelligence, AAAI 2018 ; Conference date: 02-02-2018 Through 07-02-2018.",NEEDS_REVIEW,92574678-2554-4a1c-83b7-7a24822e060f,1288c5e3-826e-4fcf-8132-84fe9c4c2474,1288c5e3-826e-4fcf-8132-84fe9c4c2474.json
yes,openalex:W2963018920,openalex,10.1162/tacl_a_00030,Transactions of the Association for Computational Linguistics,Generating Sentences by Editing Prototypes,2018,Kelvin Guu; Tatsunori Hashimoto; Yonatan Oren; Percy Liang,19,misc,"[19] Kelvin Guu, Tatsunori B. Hashimoto, Yonatan Oren, and Percy Liang. Generating sentences by editing prototypes. Transactions of the Association for Computational Linguistics, 6:437–450,",NEEDS_REVIEW,92574678-2554-4a1c-83b7-7a24822e060f,1288c5e3-826e-4fcf-8132-84fe9c4c2474,1288c5e3-826e-4fcf-8132-84fe9c4c2474.json
yes,openalex:W3007672467,openalex,10.48550/arxiv.2002.08909,arXiv (Cornell University),REALM: Retrieval-Augmented Language Model Pre-Training,2020,Kelvin Guu; Kenton Lee; Zora Tung; Panupong Pasupat; Ming‐Wei Chang,20,misc,"[20] Kelvin Guu, Kenton Lee, Zora Tung, Panupong Pasupat, and Ming-Wei Chang. REALM: Retrieval-augmented language model pre-training. ArXiv, abs/2002.08909, 2020. URL https: //arxiv.org/abs/2002.08909.",NEEDS_REVIEW,92574678-2554-4a1c-83b7-7a24822e060f,1288c5e3-826e-4fcf-8132-84fe9c4c2474,1288c5e3-826e-4fcf-8132-84fe9c4c2474.json
yes,openalex:W2890397703,openalex,10.48550/arxiv.1812.01194,arXiv (Cornell University),A Retrieve-and-Edit Framework for Predicting Structured Outputs,2018,Tatsunori Hashimoto; Kelvin Guu; Yonatan Oren; Percy Liang,21,misc,"[21] Tatsunori B Hashimoto, Kelvin Guu, Yonatan Oren, and Percy S Liang. A retrieve-and-edit framework for predicting structured outputs. In S. Bengio, H. Wallach, H. Larochelle, K. Grauman, N. Cesa-Bianchi, and R. Garnett, editors, Advances in Neural Information Processing Systems 31, pages 10052–",NEEDS_REVIEW,92574678-2554-4a1c-83b7-7a24822e060f,1288c5e3-826e-4fcf-8132-84fe9c4c2474,1288c5e3-826e-4fcf-8132-84fe9c4c2474.json
yes,crossref:10.18653/v1/2020.acl-main.228,crossref,10.18653/v1/2020.acl-main.228,Proceedings of the 58th Annual Meeting of the Association for Computational Linguistics,Simple and Effective Retrieve-Edit-Rerank Text Generation,2020,"Hossain, Nabil; Ghazvininejad, Marjan; Zettlemoyer, Luke",22,misc,"[22] Nabil Hossain, Marjan Ghazvininejad, and Luke Zettlemoyer. Simple and effective retrieveedit-rerank text generation. In Proceedings of the 58th Annual Meeting of the Association for Computational Linguistics, pages 2532–2538, Online, July 2020. Association for Computational Linguistics. doi: 10.18653/v1/2020.acl-main.228. URL https://www.aclweb.org/ anthology/2020.acl-main.228.",NEEDS_REVIEW,92574678-2554-4a1c-83b7-7a24822e060f,1288c5e3-826e-4fcf-8132-84fe9c4c2474,1288c5e3-826e-4fcf-8132-84fe9c4c2474.json
yes,openalex:W2612431505,openalex,10.18653/v1/p17-1147,Proceedings of the 55th Annual Meeting of the Association for Computational Linguistics (Volume 1: Long Papers),TriviaQA: A Large Scale Distantly Supervised Challenge Dataset for Reading Comprehension,2017,Mandar Joshi; Eunsol Choi; Daniel S. Weld; Luke Zettlemoyer,24,misc,"[24] Mandar Joshi, Eunsol Choi, Daniel Weld, and Luke Zettlemoyer. TriviaQA: A Large Scale Distantly Supervised Challenge Dataset for Reading Comprehension. In Proceedings of the 55th Annual Meeting of the Association for Computational Linguistics (Volume 1: Long Papers), pages 1601–1611, Vancouver, Canada, July 2017. Association for Computational Linguistics. doi: 10.18653/v1/P17-1147. URL https://www.aclweb.org/anthology/P17-1147.",NEEDS_REVIEW,92574678-2554-4a1c-83b7-7a24822e060f,1288c5e3-826e-4fcf-8132-84fe9c4c2474,1288c5e3-826e-4fcf-8132-84fe9c4c2474.json
yes,openalex:W3015883388,openalex,10.18653/v1/2020.emnlp-main.550,Proceedings of the 2020 Conference on Empirical Methods in Natural Language Processing (EMNLP),Dense Passage Retrieval for Open-Domain Question Answering,2020,Vladimir Karpukhin; Barlas Oğuz; Sewon Min; Patrick Lewis; Ledell Wu; Sergey Edunov; Danqi Chen; Wen-tau Yih,26,misc,"[26] Vladimir Karpukhin, Barlas Oguz, Sewon Min, Ledell Wu, Sergey Edunov, Danqi Chen, and Wen-tau Yih. Dense passage retrieval for open-domain question answering. arXiv preprint arXiv:2004.04906, 2020. URL https://arxiv.org/abs/2004.04906.",NEEDS_REVIEW,92574678-2554-4a1c-83b7-7a24822e060f,1288c5e3-826e-4fcf-8132-84fe9c4c2474,1288c5e3-826e-4fcf-8132-84fe9c4c2474.json
yes,openalex:W2988841832,openalex,10.48550/arxiv.1911.00172,arXiv (Cornell University),Generalization through Memorization: Nearest Neighbor Language Models,2019,Urvashi Khandelwal; Omer Levy; Dan Jurafsky; Luke Zettlemoyer; Mike Lewis,27,misc,"[27] Urvashi Khandelwal, Omer Levy, Dan Jurafsky, Luke Zettlemoyer, and Mike Lewis. Generalization through memorization: Nearest neighbor language models. In International Conference on Learning Representations, 2020. URL https://openreview.net/forum?id=HklBjCEKvH.",NEEDS_REVIEW,92574678-2554-4a1c-83b7-7a24822e060f,1288c5e3-826e-4fcf-8132-84fe9c4c2474,1288c5e3-826e-4fcf-8132-84fe9c4c2474.json
yes,openalex:W1522301498,openalex,10.48550/arxiv.1412.6980,arXiv (Cornell University),Adam: A Method for Stochastic Optimization,2014,Diederik P. Kingma; Jimmy Ba,28,misc,"[28] Diederik P. Kingma and Jimmy Ba. Adam: A method for stochastic optimization. In Yoshua Bengio and Yann LeCun, editors, 3rd International Conference on Learning Representations, ICLR 2015, San Diego, CA, USA, May 7-9, 2015, Conference Track Proceedings, 2015. URL http://arxiv.org/abs/1412.6980.",NEEDS_REVIEW,92574678-2554-4a1c-83b7-7a24822e060f,1288c5e3-826e-4fcf-8132-84fe9c4c2474,1288c5e3-826e-4fcf-8132-84fe9c4c2474.json
yes,openalex:W2912924812,openalex,10.1162/tacl_a_00276,Transactions of the Association for Computational Linguistics,Natural Questions: A Benchmark for Question Answering Research,2019,Tom Kwiatkowski; Jennimaria Palomaki; Olivia Redfield; Michael Collins; Ankur P. Parikh; Chris Alberti; Danielle Epstein; Illia Polosukhin; Jacob Devlin; Kenton Lee; Kristina Toutanova; Llion Jones; Matthew Kelcey; Ming‐Wei Chang; Andrew M. Dai; Jakob Uszkoreit; Quoc V. Le; Slav Petrov,29,misc,"[29] Tom Kwiatkowski, Jennimaria Palomaki, Olivia Redﬁeld, Michael Collins, Ankur Parikh, Chris Alberti, Danielle Epstein, Illia Polosukhin, Matthew Kelcey, Jacob Devlin, Kenton Lee, Kristina N. Toutanova, Llion Jones, Ming-Wei Chang, Andrew Dai, Jakob Uszkoreit, Quoc Le, and Slav Petrov. Natural Questions: a Benchmark for Question Answering Research. Transactions of the Association of Computational Linguistics, 2019. URL https://tomkwiat.users.x20web.corp.google.com/papers/ natural-questions/main-1455-kwiatkowski.pdf.",NEEDS_REVIEW,92574678-2554-4a1c-83b7-7a24822e060f,1288c5e3-826e-4fcf-8132-84fe9c4c2474,1288c5e3-826e-4fcf-8132-84fe9c4c2474.json
yes,openalex:W2960955628,openalex,w2960955628,arXiv (Cornell University),Large Memory Layers with Product Keys,2019,"Guillaume Lample; Alexandre Sablayrolles; Marc’Aurelio Ranzato; Ludovic Denoyer; J\'egou, Herv\'e",30,misc,"[30] Guillaume Lample, Alexandre Sablayrolles, Marc’ Aurelio Ranzato, Ludovic Denoyer, and Herve Jegou. Large memory layers with product keys. In H. Wallach, H. Larochelle, A. Beygelzimer, F. d’ Alché-Buc, E. Fox, and R. Garnett, editors, Advances in Neural Information Processing Systems 32, pages 8548–8559. Curran Associates, Inc., 2019. URL http: //papers.nips.cc/paper/9061-large-memory-layers-with-product-keys.pdf.",NEEDS_REVIEW,92574678-2554-4a1c-83b7-7a24822e060f,1288c5e3-826e-4fcf-8132-84fe9c4c2474,1288c5e3-826e-4fcf-8132-84fe9c4c2474.json
yes,openalex:W2947497897,openalex,10.18653/v1/p19-1612,Proceedings of the 57th Annual Meeting of the Association for Computational Linguistics,Latent Retrieval for Weakly Supervised Open Domain Question Answering,2019,Kenton Lee; Ming‐Wei Chang; Kristina Toutanova,31,misc,"[31] Kenton Lee, Ming-Wei Chang, and Kristina Toutanova. Latent retrieval for weakly supervised open domain question answering. In Proceedings of the 57th Annual Meeting of the Association for Computational Linguistics, pages 6086–6096, Florence, Italy, July 2019. Association for Computational Linguistics. doi: 10.18653/v1/P19-1612. URL https://www.aclweb.org/ anthology/P19-1612.",NEEDS_REVIEW,92574678-2554-4a1c-83b7-7a24822e060f,1288c5e3-826e-4fcf-8132-84fe9c4c2474,1288c5e3-826e-4fcf-8132-84fe9c4c2474.json
yes,crossref:10.18653/v1/2020.acl-main.703,crossref,10.18653/v1/2020.acl-main.703,Proceedings of the 58th Annual Meeting of the Association for Computational Linguistics,"BART: Denoising Sequence-to-Sequence Pre-training for Natural Language Generation, Translation, and Comprehension",2020,"Lewis, Mike; Liu, Yinhan; Goyal, Naman; Ghazvininejad, Marjan; Mohamed, Abdelrahman; Levy, Omer; Stoyanov, Veselin; Zettlemoyer, Luke",32,misc,"[32] Mike Lewis, Yinhan Liu, Naman Goyal, Marjan Ghazvininejad, Abdelrahman Mohamed, Omer Levy, Veselin Stoyanov, and Luke Zettlemoyer. BART: Denoising sequence-to-sequence pre-training for natural language generation, translation, and comprehension. arXiv preprint arXiv:1910.13461, 2019. URL https://arxiv.org/abs/1910.13461.",NEEDS_REVIEW,92574678-2554-4a1c-83b7-7a24822e060f,1288c5e3-826e-4fcf-8132-84fe9c4c2474,1288c5e3-826e-4fcf-8132-84fe9c4c2474.json
yes,openalex:W2963206148,openalex,10.18653/v1/n16-1014,Proceedings of the 2016 Conference of the North American Chapter of the Association for Computational Linguistics: Human Language Technologies,A Diversity-Promoting Objective Function for Neural Conversation Models,2016,Jiwei Li; Michel Galley; Chris Brockett; Jianfeng Gao; Bill Dolan,33,misc,"[33] Jiwei Li, Michel Galley, Chris Brockett, Jianfeng Gao, and Bill Dolan. A diversity-promoting objective function for neural conversation models. In Proceedings of the 2016 Conference of the North American Chapter of the Association for Computational Linguistics: Human Language Technologies, pages 110–119, San Diego, California, June 2016. Association for Computational Linguistics. doi: 10.18653/v1/N16-1014. URL https://www.aclweb.org/anthology/ N16-1014.",NEEDS_REVIEW,92574678-2554-4a1c-83b7-7a24822e060f,1288c5e3-826e-4fcf-8132-84fe9c4c2474,1288c5e3-826e-4fcf-8132-84fe9c4c2474.json
yes,openalex:W2971883198,openalex,10.48550/arxiv.1909.03087,arXiv (Cornell University),ACUTE-EVAL: Improved Dialogue Evaluation with Optimized Questions and Multi-turn Comparisons,2019,Margaret Li; Jason Weston; Stephen Roller,34,misc,"[34] Margaret Li, Jason Weston, and Stephen Roller. Acute-eval: Improved dialogue evaluation with optimized questions and multi-turn comparisons. ArXiv, abs/1909.03087, 2019. URL https://arxiv.org/abs/1909.03087.",NEEDS_REVIEW,92574678-2554-4a1c-83b7-7a24822e060f,1288c5e3-826e-4fcf-8132-84fe9c4c2474,1288c5e3-826e-4fcf-8132-84fe9c4c2474.json
yes,openalex:W2963777589,openalex,10.18653/v1/p19-1291,Proceedings of the 57th Annual Meeting of the Association for Computational Linguistics,Robust Neural Machine Translation with Joint Textual and Phonetic Embedding,2019,Hairong Liu; Mingbo Ma; Liang Huang; Hao Xiong; Zhongjun He,35,misc,"[35] Hairong Liu, Mingbo Ma, Liang Huang, Hao Xiong, and Zhongjun He. Robust neural machine translation with joint textual and phonetic embedding. In Proceedings of the 57th Annual Meeting of the Association for Computational Linguistics, pages 3044–3049, Florence, Italy, July 2019. Association for Computational Linguistics. doi: 10.18653/v1/P19-1291. URL https://www.aclweb.org/anthology/P19-1291.",NEEDS_REVIEW,92574678-2554-4a1c-83b7-7a24822e060f,1288c5e3-826e-4fcf-8132-84fe9c4c2474,1288c5e3-826e-4fcf-8132-84fe9c4c2474.json
yes,openalex:W2787214294,openalex,10.48550/arxiv.1801.10198,arXiv (Cornell University),Generating Wikipedia by Summarizing Long Sequences,2018,Peter J. Liu; Mohammad Saleh; Etienne Pot; Ben Goodrich; Ryan Sepassi; Łukasz Kaiser; Noam Shazeer,36,misc,"[36] Peter J. Liu*, Mohammad Saleh*, Etienne Pot, Ben Goodrich, Ryan Sepassi, Lukasz Kaiser, and Noam Shazeer. Generating wikipedia by summarizing long sequences. In International Conference on Learning Representations, 2018. URL https://openreview.net/forum? id=Hyg0vbWC-.",NEEDS_REVIEW,92574678-2554-4a1c-83b7-7a24822e060f,1288c5e3-826e-4fcf-8132-84fe9c4c2474,1288c5e3-826e-4fcf-8132-84fe9c4c2474.json
yes,openalex:W2763421725,openalex,10.48550/arxiv.1710.03740,arXiv (Cornell University),Mixed Precision Training,2017,Paulius Micikevicius; Sharan Narang; Jonah Alben; Gregory Diamos; Erich Elsen; David García; Boris Ginsburg; Michael Houston; Oleksii Kuchaiev; Ganesh Venkatesh; Hao Wu,40,misc,"[40] Paulius Micikevicius, Sharan Narang, Jonah Alben, Gregory Diamos, Erich Elsen, David Garcia, Boris Ginsburg, Michael Houston, Oleksii Kuchaiev, Ganesh Venkatesh, and Hao Wu. Mixed precision training. In ICLR, 2018. URL https://openreview.net/forum?id=r1gs9JgRZ.",NEEDS_REVIEW,92574678-2554-4a1c-83b7-7a24822e060f,1288c5e3-826e-4fcf-8132-84fe9c4c2474,1288c5e3-826e-4fcf-8132-84fe9c4c2474.json
yes,openalex:W2891103209,openalex,10.18653/v1/d18-1255,Proceedings of the 2018 Conference on Empirical Methods in Natural Language Processing,Towards Exploiting Background Knowledge for Building Conversation Systems,2018,Nikita Moghe; Siddhartha Arora; Suman Banerjee; Mitesh M. Khapra,41,misc,"[41] Nikita Moghe, Siddhartha Arora, Suman Banerjee, and Mitesh M. Khapra. Towards exploiting background knowledge for building conversation systems. In Proceedings of the 2018 Conference on Empirical Methods in Natural Language Processing, pages 2322–2332, Brussels, Belgium, October-November 2018. Association for Computational Linguistics. doi: 10.18653/v1/D18-1255. URL https://www.aclweb.org/anthology/D18-1255.",NEEDS_REVIEW,92574678-2554-4a1c-83b7-7a24822e060f,1288c5e3-826e-4fcf-8132-84fe9c4c2474,1288c5e3-826e-4fcf-8132-84fe9c4c2474.json
yes,openalex:W2888812214,openalex,10.18653/v1/d18-1429,Proceedings of the 2018 Conference on Empirical Methods in Natural Language Processing,Towards a Better Metric for Evaluating Question Generation Systems,2018,Preksha Nema; Mitesh M. Khapra,42,misc,"[42] Preksha Nema and Mitesh M. Khapra. Towards a better metric for evaluating question generation systems. In Proceedings of the 2018 Conference on Empirical Methods in Natural Language Processing, pages 3950–3959, Brussels, Belgium, October-November 2018. Association for Computational Linguistics. doi: 10.18653/v1/D18-1429. URL https://www.aclweb.org/ anthology/D18-1429.",NEEDS_REVIEW,92574678-2554-4a1c-83b7-7a24822e060f,1288c5e3-826e-4fcf-8132-84fe9c4c2474,1288c5e3-826e-4fcf-8132-84fe9c4c2474.json
no,openalex:W2558203065,openalex,w2558203065,Neural Information Processing Systems,MS MARCO: A Human Generated MAchine Reading COmprehension Dataset.,2016,Tri Gia Nguyen; Mir Rosenberg; Song Xia; Jianfeng Gao; Saurabh Tiwary; Rangan Majumder; Li Deng,43,misc,"[43] Tri Nguyen, Mir Rosenberg, Xia Song, Jianfeng Gao, Saurabh Tiwary, Rangan Majumder, and Li Deng. MS MARCO: A human generated machine reading comprehension dataset. In Tarek Richard Besold, Antoine Bordes, Artur S. d’Avila Garcez, and Greg Wayne, editors, Proceedings of the Workshop on Cognitive Computation: Integrating neural and symbolic approaches 2016 co-located with the 30th Annual Conference on Neural Information Processing Systems (NIPS 2016), Barcelona, Spain, December 9, 2016, volume 1773 of CEUR Workshop Proceedings. CEUR-WS.org, 2016. URL http://ceur-ws.org/Vol-1773/CoCoNIPS_ 2016_paper9.pdf.",NEEDS_REVIEW,92574678-2554-4a1c-83b7-7a24822e060f,1288c5e3-826e-4fcf-8132-84fe9c4c2474,1288c5e3-826e-4fcf-8132-84fe9c4c2474.json
yes,crossref:10.18653/v1/n19-4009,crossref,10.18653/v1/n19-4009,Proceedings of the 2019 Conference of the North American Chapter of the Association for Computational Linguistics (Demonstrations),"fairseq: A Fast, Extensible Toolkit for Sequence Modeling",2019,"Ott, Myle; Edunov, Sergey; Baevski, Alexei; Fan, Angela; Gross, Sam; Ng, Nathan; Grangier, David; Auli, Michael",45,misc,"[45] Myle Ott, Sergey Edunov, Alexei Baevski, Angela Fan, Sam Gross, Nathan Ng, David Grangier, and Michael Auli. fairseq: A fast, extensible toolkit for sequence modeling. In Proceedings of the 2019 Conference of the North American Chapter of the Association for Computational Linguistics (Demonstrations), pages 48–53, Minneapolis, Minnesota, June 2019. Association for Computational Linguistics. doi: 10.18653/v1/N19-4009. URL https://www.aclweb. org/anthology/N19-4009.",NEEDS_REVIEW,92574678-2554-4a1c-83b7-7a24822e060f,1288c5e3-826e-4fcf-8132-84fe9c4c2474,1288c5e3-826e-4fcf-8132-84fe9c4c2474.json
yes,crossref:10.18653/v1/d19-1244,crossref,10.18653/v1/d19-1244,Proceedings of the 2019 Conference on Empirical Methods in Natural Language Processing and the 9th International Joint Conference on Natural Language Processing (EMNLP-IJCNLP),Finding Generalizable Evidence by Learning to Convince Q&amp;A Models,2019,"Perez, Ethan; Karamcheti, Siddharth; Fergus, Rob; Weston, Jason; Kiela, Douwe; Cho, Kyunghyun",46,misc,"[46] Ethan Perez, Siddharth Karamcheti, Rob Fergus, Jason Weston, Douwe Kiela, and Kyunghyun Cho. Finding generalizable evidence by learning to convince q&a models. In Proceedings of the 2019 Conference on Empirical Methods in Natural Language Processing and the 9th International Joint Conference on Natural Language Processing (EMNLP-IJCNLP), pages 2402–2411, Hong Kong, China, November 2019. Association for Computational Linguistics. doi: 10.18653/v1/D19-1244. URL https://www.aclweb.org/anthology/D19-1244.",NEEDS_REVIEW,92574678-2554-4a1c-83b7-7a24822e060f,1288c5e3-826e-4fcf-8132-84fe9c4c2474,1288c5e3-826e-4fcf-8132-84fe9c4c2474.json
yes,crossref:10.1561/1500000019,crossref,10.1561/1500000019,Foundations and Trends® in Information Retrieval,The Probabilistic Relevance Framework: BM25 and Beyond,2009,"Robertson, Stephen; Zaragoza, Hugo",53,misc,"[53] Stephen Robertson and Hugo Zaragoza. The probabilistic relevance framework: Bm25 and beyond. Found. Trends Inf. Retr., 3(4):333–389, April 2009. ISSN 1554-0669. doi: 10.1561/",NEEDS_REVIEW,92574678-2554-4a1c-83b7-7a24822e060f,1288c5e3-826e-4fcf-8132-84fe9c4c2474,1288c5e3-826e-4fcf-8132-84fe9c4c2474.json
yes,crossref:10.18653/v1/n18-1074,crossref,10.18653/v1/n18-1074,"Proceedings of the 2018 Conference of the North American Chapter of
          the Association for Computational Linguistics: Human Language
          Technologies, Volume 1 (Long Papers)",FEVER: a Large-scale Dataset for Fact Extraction and VERification,2018,"Thorne, James; Vlachos, Andreas; Christodoulopoulos, Christos; Mittal, Arpit",56,misc,"[56] James Thorne, Andreas Vlachos, Christos Christodoulopoulos, and Arpit Mittal. FEVER: a large-scale dataset for fact extraction and VERiﬁcation. In Proceedings of the 2018 Conference of the North American Chapter of the Association for Computational Linguistics: Human Language Technologies, Volume 1 (Long Papers), pages 809–819, New Orleans, Louisiana, June 2018. Association for Computational Linguistics. doi: 10.18653/v1/N18-1074. URL https://www.aclweb.org/anthology/N18-1074.",NEEDS_REVIEW,92574678-2554-4a1c-83b7-7a24822e060f,1288c5e3-826e-4fcf-8132-84fe9c4c2474,1288c5e3-826e-4fcf-8132-84fe9c4c2474.json
yes,crossref:10.18653/v1/w18-5446,crossref,10.18653/v1/w18-5446,Proceedings of the 2018 EMNLP Workshop BlackboxNLP: Analyzing and Interpreting Neural Networks for NLP,GLUE: A Multi-Task Benchmark and Analysis Platform for Natural Language Understanding,2018,"Wang, Alex; Singh, Amanpreet; Michael, Julian; Hill, Felix; Levy, Omer; Bowman, Samuel",60,misc,"[60] Alex Wang, Amanpreet Singh, Julian Michael, Felix Hill, Omer Levy, and Samuel Bowman. GLUE: A multi-task benchmark and analysis platform for natural language understanding. In Proceedings of the 2018 EMNLP Workshop BlackboxNLP: Analyzing and Interpreting Neural Networks for NLP, pages 353–355, Brussels, Belgium, November 2018. Association for Computational Linguistics. doi: 10.18653/v1/W18-5446. URL https://www.aclweb.org/ anthology/W18-5446.",NEEDS_REVIEW,92574678-2554-4a1c-83b7-7a24822e060f,1288c5e3-826e-4fcf-8132-84fe9c4c2474,1288c5e3-826e-4fcf-8132-84fe9c4c2474.json
yes,crossref:10.18653/v1/w18-5713,crossref,10.18653/v1/w18-5713,Proceedings of the 2018 EMNLP Workshop SCAI: The 2nd International Workshop on Search-Oriented Conversational AI,Retrieve and Refine: Improved Sequence Generation Models For Dialogue,2018,"Weston, Jason; Dinan, Emily; Miller, Alexander",65,misc,"[65] Jason Weston, Emily Dinan, and Alexander Miller. Retrieve and reﬁne: Improved sequence generation models for dialogue. In Proceedings of the 2018 EMNLP Workshop SCAI: The 2nd International Workshop on Search-Oriented Conversational AI, pages 87–92, Brussels, Belgium, October 2018. Association for Computational Linguistics. doi: 10.18653/v1/W18-5713. URL https://www.aclweb.org/anthology/W18-5713.",NEEDS_REVIEW,92574678-2554-4a1c-83b7-7a24822e060f,1288c5e3-826e-4fcf-8132-84fe9c4c2474,1288c5e3-826e-4fcf-8132-84fe9c4c2474.json
no,crossref:10.52202/079017-1526,crossref,10.52202/079017-1526,Advances in Neural Information Processing Systems 37,Graph Neural Networks Do Not Always Oversmooth,2024,"Epping, Bastian; René, Alexandre; Helias, Moritz; Schaub, Michael",1,misc,"[1] Bastian Epping, Alexandre René, Moritz Helias, and Michael T. Schaub. 2024. Graph Neural Networks Do Not Always Oversmooth. In Advances in Neural Information Processing Systems (NeurIPS), Vol. 37. 48164–48188.",NEEDS_REVIEW,2a589653-896c-43ae-b33c-d125e52eb14e,34784dd4-37fb-499f-a200-9db35b87418b,34784dd4-37fb-499f-a200-9db35b87418b.json
no,crossref:10.18653/v1/d18-1280,crossref,10.18653/v1/d18-1280,Proceedings of the 2018 Conference on Empirical Methods in Natural Language Processing,ICON: Interactive Conversational Memory Network for Multimodal Emotion Detection,2018,"Hazarika, Devamanyu; Poria, Soujanya; Mihalcea, Rada; Cambria, Erik; Zimmermann, Roger",3,misc,"[3] Devamanyu Hazarika, Soujanya Poria, Rada Mihalcea, Erik Cambria, and Roger Zimmermann. 2018. Icon: Interactive conversational memory network for multimodal emotion detection. In Proceedings of the 2018 conference on empirical methods in natural language processing. 2594–2604.",VERIFIED,2a589653-896c-43ae-b33c-d125e52eb14e,34784dd4-37fb-499f-a200-9db35b87418b,34784dd4-37fb-499f-a200-9db35b87418b.json
no,crossref:10.1016/j.neucom.2024.128645,crossref,10.1016/j.neucom.2024.128645,Neurocomputing,A comprehensive survey on contrastive learning,2024,"Hu, Haigen; Wang, Xiaoyuan; Zhang, Yan; Chen, Qi; Guan, Qiu",5,misc,"[5] Haigen Hu, Xiaoyuan Wang, Yan Zhang, Qi Chen, and Qiu Guan. 2024. A comprehensive survey on contrastive learning. Neurocomputing 610",NEEDS_REVIEW,2a589653-896c-43ae-b33c-d125e52eb14e,34784dd4-37fb-499f-a200-9db35b87418b,34784dd4-37fb-499f-a200-9db35b87418b.json
no,crossref:10.1007/s10115-025-02548-6,crossref,10.1007/s10115-025-02548-6,Knowledge and Information Systems,Oversmoothing alleviation in graph neural networks: a survey and unified view,2025,"Jin, Yufei; Zhu, Xingquan",7,misc,[7] Xinyi Li et al. 2024. Oversmoothing Alleviation in Graph Neural Networks: A Survey and Unified View. arXiv preprint arXiv:2405.01663 (2024).,NEEDS_REVIEW,2a589653-896c-43ae-b33c-d125e52eb14e,34784dd4-37fb-499f-a200-9db35b87418b,34784dd4-37fb-499f-a200-9db35b87418b.json
no,crossref:10.3233/faia251292,crossref,10.3233/faia251292,Frontiers in Artificial Intelligence and Applications,Long-Short Distance Graph Neural Networks and Improved Curriculum Learning for Emotion Recognition in Conversation,2025,"Li, Xinran; Xu, Xiujuan; Qiao, Jiaqi",8,misc,"[8] Xinran Li, Xiujuan Xu, and Jiaqi Qiao. 2025. Long-Short Distance Graph Neural Networks and Improved Curriculum Learning for Emotion Recognition in Conversation. arXiv preprint arXiv:2507.15205 (2025).",NEEDS_REVIEW,2a589653-896c-43ae-b33c-d125e52eb14e,34784dd4-37fb-499f-a200-9db35b87418b,34784dd4-37fb-499f-a200-9db35b87418b.json
no,crossref:10.1609/aaai.v33i01.33016818,crossref,10.1609/aaai.v33i01.33016818,Proceedings of the AAAI Conference on Artificial Intelligence,DialogueRNN: An Attentive RNN for Emotion Detection in Conversations,2019,"Majumder, Navonil; Poria, Soujanya; Hazarika, Devamanyu; Mihalcea, Rada; Gelbukh, Alexander; Cambria, Erik",9,misc,[9] Navonil Majumder et al. 2019. DialogueRNN: An attentive RNN for emotion detection in conversations. In AAAI.,NEEDS_REVIEW,2a589653-896c-43ae-b33c-d125e52eb14e,34784dd4-37fb-499f-a200-9db35b87418b,34784dd4-37fb-499f-a200-9db35b87418b.json
no,crossref:10.18653/v1/p17-1081,crossref,10.18653/v1/p17-1081,"Proceedings of the 55th Annual Meeting of the Association for
          Computational Linguistics (Volume 1: Long Papers)",Context-Dependent Sentiment Analysis in User-Generated Videos,2017,"Poria, Soujanya; Cambria, Erik; Hazarika, Devamanyu; Majumder, Navonil; Zadeh, Amir; Morency, Louis-Philippe",10,misc,[10] Soujanya Poria et al. 2017. Context-dependent sentiment analysis in user-generated videos. In ACL.,NEEDS_REVIEW,2a589653-896c-43ae-b33c-d125e52eb14e,34784dd4-37fb-499f-a200-9db35b87418b,34784dd4-37fb-499f-a200-9db35b87418b.json
no,crossref:10.18653/v1/2020.findings-emnlp.224,crossref,10.18653/v1/2020.findings-emnlp.224,Findings of the Association for Computational Linguistics: EMNLP 2020,COSMIC: COmmonSense knowledge for eMotion Identification in Conversations,2020,"Ghosal, Deepanway; Majumder, Navonil; Gelbukh, Alexander; Mihalcea, Rada; Poria, Soujanya",11,misc,[11] Soujanya Poria et al. 2020. COSMIC: COmmonSense knowledge for eMotion Identification in Conversations. In Findings of EMNLP.,NEEDS_REVIEW,2a589653-896c-43ae-b33c-d125e52eb14e,34784dd4-37fb-499f-a200-9db35b87418b,34784dd4-37fb-499f-a200-9db35b87418b.json
no,crossref:10.18653/v1/2021.acl-long.123,crossref,10.18653/v1/2021.acl-long.123,Proceedings of the 59th Annual Meeting of the Association for Computational Linguistics and the 11th International Joint Conference on Natural Language Processing (Volume 1: Long Papers),Directed Acyclic Graph Network for Conversational Emotion Recognition,2021,"Shen, Weizhou; Wu, Siyue; Yang, Yunyi; Quan, Xiaojun",13,misc,[13] Weizhou Shen et al. 2021. Directed acyclic graph network for conversational emotion recognition. In ACL.,NEEDS_REVIEW,2a589653-896c-43ae-b33c-d125e52eb14e,34784dd4-37fb-499f-a200-9db35b87418b,34784dd4-37fb-499f-a200-9db35b87418b.json
no,crossref:10.1609/aaai.v38i17.29876,crossref,10.1609/aaai.v38i17.29876,Proceedings of the AAAI Conference on Artificial Intelligence,Adaptive Graph Learning for Multimodal Conversational Emotion Detection,2024,"Tu, Geng; Xie, Tian; Liang, Bin; Wang, Hongpeng; Xu, Ruifeng",14,misc,"[14] Geng Tu et al. 2024. Adaptive Graph Learning for Multimodal Conversational Emotion Detection. In Proceedings of the AAAI Conference on Artificial Intelligence, Vol. 38.",NEEDS_REVIEW,2a589653-896c-43ae-b33c-d125e52eb14e,34784dd4-37fb-499f-a200-9db35b87418b,34784dd4-37fb-499f-a200-9db35b87418b.json
no,crossref:10.18653/v1/2024.findings-naacl.282,crossref,10.18653/v1/2024.findings-naacl.282,Findings of the Association for Computational Linguistics: NAACL 2024,Emotion-Anchored Contrastive Learning Framework for Emotion Recognition in Conversation,2024,"Yu, Fangxu; Guo, Junjie; Wu, Zhen; Dai, Xinyu",16,misc,"[16] Fangxu Yu, Junjie Guo, Zhen Wu, and Xinyu Dai. 2024. Emotion-Anchored Contrastive Learning Framework for Emotion Recognition in Conversation. In Findings of the Association for Computational Linguistics: NAACL 2024. Association for Computational Linguistics, 4521–4534.",VERIFIED,2a589653-896c-43ae-b33c-d125e52eb14e,34784dd4-37fb-499f-a200-9db35b87418b,34784dd4-37fb-499f-a200-9db35b87418b.json
no,crossref:10.1109/access.2025.3605729,crossref,10.1109/access.2025.3605729,IEEE Access,Context-Aware Directed Acyclic Graph Network for Conversational Aspect-Based Sentiment Quadruple Analysis,2025,"Zhang, Qiang; Zeng, Jie; Zhang, Runze; Cui, Dong",18,misc,[18] Q. Zhang et al. 2025. Context-Aware Directed Acyclic Graph Network for Conversational Aspect-Based Sentiment Quadruple Analysis. IEEE Access 13 (2025).,NEEDS_REVIEW,2a589653-896c-43ae-b33c-d125e52eb14e,34784dd4-37fb-499f-a200-9db35b87418b,34784dd4-37fb-499f-a200-9db35b87418b.json
no,crossref:10.1609/aaai.v37i11.26641,crossref,10.1609/aaai.v37i11.26641,Proceedings of the AAAI Conference on Artificial Intelligence,Knowledge-Bridged Causal Interaction Network for Causal Emotion Entailment,2023,"Zhao, Weixiang; Zhao, Yanyan; Li, Zhuojun; Qin, Bing",19,misc,"[19] Weixiang Zhao, Yanyan Zhao, Zhuojun Li, and Bing Qin. 2023. Knowledge-bridged causal interaction network for causal emotion entailment. In Proceedings of the AAAI Conference on Artificial Intelligence, Vol. 37. 14020–14028.",VERIFIED,2a589653-896c-43ae-b33c-d125e52eb14e,34784dd4-37fb-499f-a200-9db35b87418b,34784dd4-37fb-499f-a200-9db35b87418b.json
yes,openalex:W2171572695,openalex,10.1109/tpami.2014.2361319,IEEE Transactions on Pattern Analysis and Machine Intelligence,The Inverted Multi-Index,2014,Artem Babenko; Victor Lempitsky,1,misc,"[1] Artem Babenko and Victor Lempitsky. The inverted multi-index. IEEE Transactions on Pattern Analysis and Machine Intelligence, 2014.",NEEDS_REVIEW,f940bcbf-fe2e-44ec-8022-c0786133ebf5,5b32158c-905d-408d-ad59-367130e07f09,5b32158c-905d-408d-ad59-367130e07f09.json
yes,openalex:W2894175714,openalex,10.48550/arxiv.1809.10853,arXiv (Cornell University),Adaptive Input Representations for Neural Language Modeling,2018,Alexei Baevski; Michael Auli,2,misc,"[2] Alexei Baevski and Michael Auli. Adaptive input representations for neural language modeling. In International Conference on Representation Learning, 2019.",NEEDS_REVIEW,f940bcbf-fe2e-44ec-8022-c0786133ebf5,5b32158c-905d-408d-ad59-367130e07f09,5b32158c-905d-408d-ad59-367130e07f09.json
yes,openalex:W2242818861,openalex,10.48550/arxiv.1308.3432,arXiv (Cornell University),Estimating or Propagating Gradients Through Stochastic Neurons for Conditional Computation,2013,Yoshua Bengio; Nicholas Léonard; Aaron Courville,3,misc,"[3] Yoshua Bengio, Nicholas L´eonard, and Aaron C. Courville. Estimating or propagating gradients through stochastic neurons for conditional computation. CoRR, abs/1308.3432, 2013.",NEEDS_REVIEW,f940bcbf-fe2e-44ec-8022-c0786133ebf5,5b32158c-905d-408d-ad59-367130e07f09,5b32158c-905d-408d-ad59-367130e07f09.json
yes,openalex:W1539309091,openalex,10.21437/interspeech.2014-564,Interspeech 2014,One billion word benchmark for measuring progress in statistical language modeling,2014,Ciprian Chelba; Tomáš Mikolov; Mike Schuster; Qi Ge; Thorsten Brants; Phillipp Koehn; Tony Robinson,4,misc,"[4] Ciprian Chelba, Tomas Mikolov, Mike Schuster, Qi Ge, Thorsten Brants, Phillipp Koehn, and Tony Robinson. One billion word benchmark for measuring progress in statistical language modeling. Conference of the International Speech Communication Association, 2014.",NEEDS_REVIEW,f940bcbf-fe2e-44ec-8022-c0786133ebf5,5b32158c-905d-408d-ad59-367130e07f09,5b32158c-905d-408d-ad59-367130e07f09.json
yes,openalex:W2405210557,openalex,10.48550/arxiv.1406.7362,arXiv (Cornell University),Exponentially Increasing the Capacity-to-Computation Ratio for Conditional Computation in Deep Learning,2014,Kyunghyun Cho; Yoshua Bengio,6,misc,"[6] Kyunghyun Cho and Yoshua Bengio. Exponentially increasing the capacity-to-computation ratio for conditional computation in deep learning. CoRR, abs/1406.7362, 2014.",NEEDS_REVIEW,f940bcbf-fe2e-44ec-8022-c0786133ebf5,5b32158c-905d-408d-ad59-367130e07f09,5b32158c-905d-408d-ad59-367130e07f09.json
yes,openalex:W2260663238,openalex,w2260663238,arXiv (Cornell University),BinaryNet: Training Deep Neural Networks with Weights and Activations Constrained to +1 or -1,2016,Matthieu Courbariaux; Yoshua Bengio,7,misc,"[7] Matthieu Courbariaux and Yoshua Bengio. Binarynet: Training deep neural networks with weights and activations constrained to +1 or -1. CoRR, 2016.",NEEDS_REVIEW,f940bcbf-fe2e-44ec-8022-c0786133ebf5,5b32158c-905d-408d-ad59-367130e07f09,5b32158c-905d-408d-ad59-367130e07f09.json
yes,openalex:W1902934009,openalex,10.48550/arxiv.1511.00363,PolyPublie (École Polytechnique de Montréal),BinaryConnect: Training Deep Neural Networks with binary weights during propagations,2015,Matthieu Courbariaux; Yoshua Bengio; Jean‐Pierre David,8,misc,"[8] Matthieu Courbariaux, Yoshua Bengio, and Jean-Pierre David. Binaryconnect: Training deep neural networks with binary weights during propagations. Advances in Neural Information Processing Systems, 2015.",NEEDS_REVIEW,f940bcbf-fe2e-44ec-8022-c0786133ebf5,5b32158c-905d-408d-ad59-367130e07f09,5b32158c-905d-408d-ad59-367130e07f09.json
yes,crossref:10.18653/v1/p19-1285,crossref,10.18653/v1/p19-1285,Proceedings of the 57th Annual Meeting of the Association for Computational Linguistics,Transformer-XL: Attentive Language Models beyond a Fixed-Length Context,2019,"Dai, Zihang; Yang, Zhilin; Yang, Yiming; Carbonell, Jaime; Le, Quoc; Salakhutdinov, Ruslan",9,misc,"[9] Zihang Dai, Zhilin Yang, Yiming Yang, William W Cohen, Jaime Carbonell, Quoc V Le, and Ruslan Salakhutdinov. Transformer-xl: Attentive language models beyond a ﬁxed-length context. In Conference of the Association for Computational Linguistics, 2019.",NEEDS_REVIEW,f940bcbf-fe2e-44ec-8022-c0786133ebf5,5b32158c-905d-408d-ad59-367130e07f09,5b32158c-905d-408d-ad59-367130e07f09.json
yes,openalex:W2165141262,openalex,10.48550/arxiv.1410.0510,arXiv (Cornell University),Deep Sequential Neural Network,2014,Ludovic Denoyer; Patrick Gallinari,10,misc,"[10] Ludovic Denoyer and Patrick Gallinari. Deep sequential neural network. CoRR, abs/1410.0510, 2014.",NEEDS_REVIEW,f940bcbf-fe2e-44ec-8022-c0786133ebf5,5b32158c-905d-408d-ad59-367130e07f09,5b32158c-905d-408d-ad59-367130e07f09.json
no,openalex:W2963341956,openalex,10.18653/v1/n19-1423,"Proceedings of the 2019 Conference of the North American Chapter of the Association for Computational Linguistics: Human Language Technologies, Volume 1 (Long and Short Papers)",BERT: Pre-training of Deep Bidirectional Transformers for Language Understanding,2019,Jacob Devlin; Ming‐Wei Chang; Kenton Lee; Kristina Toutanova,11,misc,"[11] Jacob Devlin, Ming-Wei Chang, Kenton Lee, and Kristina Toutanova. Bert: Pre-training of deep bidirectional transformers for language understanding. In Conference of the North American Chapter of the Association for Computational Linguistic, 2018.",NEEDS_REVIEW,f940bcbf-fe2e-44ec-8022-c0786133ebf5,5b32158c-905d-408d-ad59-367130e07f09,5b32158c-905d-408d-ad59-367130e07f09.json
yes,openalex:W1593114658,openalex,10.48550/arxiv.1312.4314,arXiv (Cornell University),Learning Factored Representations in a Deep Mixture of Experts,2013,David Eigen; Marc’Aurelio Ranzato; Ilya Sutskever,12,misc,"[12] D. Eigen, I. Sutskever, and M. Ranzato. Learning factored representations in a deep mixture of experts. In Workshop at the International Conference on Learning Representations, 2014.",NEEDS_REVIEW,f940bcbf-fe2e-44ec-8022-c0786133ebf5,5b32158c-905d-408d-ad59-367130e07f09,5b32158c-905d-408d-ad59-367130e07f09.json
yes,crossref:10.1007/978-3-319-70087-8_17,crossref,10.1007/978-3-319-70087-8_17,Lecture Notes in Computer Science,Binary Stochastic Representations for Large Multi-class Classification,2017,"Gerald, Thomas; Baskiotis, Nicolas; Denoyer, Ludovic",13,misc,"[13] Thomas Gerald, Nicolas Baskiotis, and Ludovic Denoyer. Binary stochastic representations for large multi-class classiﬁcation. In International Conference on Neural Information Processing, 2017.",NEEDS_REVIEW,f940bcbf-fe2e-44ec-8022-c0786133ebf5,5b32158c-905d-408d-ad59-367130e07f09,5b32158c-905d-408d-ad59-367130e07f09.json
yes,openalex:W2752497102,openalex,10.48550/arxiv.1711.02604,arXiv (Cornell University),Unbounded cache model for online language modeling with open vocabulary,2017,Édouard Grave; Moustapha Cissé; Armand Joulin,14,misc,"[14] Edouard Grave, Moustapha M Cisse, and Armand Joulin. Unbounded cache model for online language modeling with open vocabulary. In Advances in Neural Information Processing Systems, 2017.",NEEDS_REVIEW,f940bcbf-fe2e-44ec-8022-c0786133ebf5,5b32158c-905d-408d-ad59-367130e07f09,5b32158c-905d-408d-ad59-367130e07f09.json
yes,openalex:W2571859396,openalex,10.48550/arxiv.1612.04426,arXiv (Cornell University),Improving Neural Language Models with a Continuous Cache,2016,Édouard Grave; Armand Joulin; Nicolas Usunier,15,misc,"[15] Edouard Grave, Armand Joulin, and Nicolas Usunier. Improving neural language models with a continuous cache. In International Conference on Representation Learning, 2017.",NEEDS_REVIEW,f940bcbf-fe2e-44ec-8022-c0786133ebf5,5b32158c-905d-408d-ad59-367130e07f09,5b32158c-905d-408d-ad59-367130e07f09.json
yes,openalex:W2143612262,openalex,10.1109/icassp.2013.6638947,"2013 IEEE International Conference on Acoustics, Speech and Signal Processing",Speech recognition with deep recurrent neural networks,2013,Alex Graves; Abdelrahman Mohamed; Geoffrey E. Hinton,16,misc,"[16] Alex Graves, Abdel-rahman Mohamed, and Geoffrey Hinton. Speech recognition with deep recurrent neural networks. In International Conference on Acoustics, Speech, and Signal Processing, 2013.",NEEDS_REVIEW,f940bcbf-fe2e-44ec-8022-c0786133ebf5,5b32158c-905d-408d-ad59-367130e07f09,5b32158c-905d-408d-ad59-367130e07f09.json
yes,openalex:W2167839676,openalex,10.48550/arxiv.1410.5401,arXiv (Cornell University),Neural Turing Machines,2014,Alex Graves; Greg Wayne; Ivo Danihelka,17,misc,"[17] Alex Graves, Greg Wayne, and Ivo Danihelka. Neural turing machines. CoRR, abs/1410.5401, 2014.",NEEDS_REVIEW,f940bcbf-fe2e-44ec-8022-c0786133ebf5,5b32158c-905d-408d-ad59-367130e07f09,5b32158c-905d-408d-ad59-367130e07f09.json
yes,openalex:W2963254338,openalex,10.1109/cvpr.2017.540,2017 IEEE Conference on Computer Vision and Pattern Recognition (CVPR),Hard Mixtures of Experts for Large Scale Weakly Supervised Vision,2017,Sam Gross; Marc’Aurelio Ranzato; Arthur Szlam,18,misc,"[18] Sam Gross, Marc’Aurelio Ranzato, and Arthur Szlam. Hard mixtures of experts for large scale weakly supervised vision. In Conference on Computer Vision and Pattern Recognition, 2017.",NEEDS_REVIEW,f940bcbf-fe2e-44ec-8022-c0786133ebf5,5b32158c-905d-408d-ad59-367130e07f09,5b32158c-905d-408d-ad59-367130e07f09.json
yes,openalex:W2194775991,openalex,10.1109/cvpr.2016.90,2016 IEEE Conference on Computer Vision and Pattern Recognition (CVPR),Deep Residual Learning for Image Recognition,2016,Kaiming He; Xiangyu Zhang; Shaoqing Ren; Jian Sun,19,misc,"[19] Kaiming He, Xiangyu Zhang, Shaoqing Ren, and Jian Sun. Deep residual learning for image recognition. In Conference on Computer Vision and Pattern Recognition, 2016.",NEEDS_REVIEW,f940bcbf-fe2e-44ec-8022-c0786133ebf5,5b32158c-905d-408d-ad59-367130e07f09,5b32158c-905d-408d-ad59-367130e07f09.json
yes,openalex:W2124509324,openalex,10.1109/tpami.2010.57,IEEE Transactions on Pattern Analysis and Machine Intelligence,Product Quantization for Nearest Neighbor Search,2010,H. Jegou; Matthijs Douze; Calvin F. Schmid,21,misc,"[21] Herv´e J´egou, Matthijs Douze, and Cordelia Schmid. Product Quantization for Nearest Neighbor Search. IEEE Transactions on Pattern Analysis and Machine Intelligence, 2011.",NEEDS_REVIEW,f940bcbf-fe2e-44ec-8022-c0786133ebf5,5b32158c-905d-408d-ad59-367130e07f09,5b32158c-905d-408d-ad59-367130e07f09.json
yes,openalex:W1732222442,openalex,10.48550/arxiv.1503.01007,arXiv (Cornell University),Inferring Algorithmic Patterns with Stack-Augmented Recurrent Nets,2015,Armand Joulin; Tomáš Mikolov,23,misc,"[23] Armand Joulin and Tomas Mikolov. Inferring algorithmic patterns with stack-augmented recurrent nets. In Advances in Neural Information Processing Systems, 2015.",NEEDS_REVIEW,f940bcbf-fe2e-44ec-8022-c0786133ebf5,5b32158c-905d-408d-ad59-367130e07f09,5b32158c-905d-408d-ad59-367130e07f09.json
yes,openalex:W2171490498,openalex,10.48550/arxiv.1010.3467,arXiv (Cornell University),Fast Inference in Sparse Coding Algorithms with Applications to Object Recognition,2010,Koray Kavukcuoglu; Marc’Aurelio Ranzato; Yann LeCun,24,misc,"[24] Koray Kavukcuoglu, Marc’Aurelio Ranzato, and Yann LeCun. Fast inference in sparse coding algorithms with applications to object recognition. CoRR, abs/1010.3467, 2010. URL http: //arxiv.org/abs/1010.3467.",NEEDS_REVIEW,f940bcbf-fe2e-44ec-8022-c0786133ebf5,5b32158c-905d-408d-ad59-367130e07f09,5b32158c-905d-408d-ad59-367130e07f09.json
yes,openalex:W2595715041,openalex,w2595715041,Edinburgh Research Explorer (University of Edinburgh),Moses : open source toolkit for statistical machine translation,2007,"Philipp Koehn; Hieu Hoang; Alexandra Birch; Chris Callison-Burch; Marcello Federico; Nicola Bertoldi; Cowan, Brooke; Wade Shen; Christine Moran; Richard Zens; Chris Dyer; Ondřej Bojar; Alexandra Constantin; Evan Herbst",26,misc,"[26] Philipp Koehn, Hieu Hoang, Alexandra Birch, Chris Callison-Burch, Marcello Federico, Nicola Bertoldi, Brooke Cowan, Wade Shen, Christine Moran, Richard Zens, et al. Moses: Open source toolkit for statistical machine translation. In Conference of the Association for Computational Linguistics, 2007.",NEEDS_REVIEW,f940bcbf-fe2e-44ec-8022-c0786133ebf5,5b32158c-905d-408d-ad59-367130e07f09,5b32158c-905d-408d-ad59-367130e07f09.json
yes,openalex:W2970049541,openalex,w2970049541,Neural Information Processing Systems,Cross-lingual Language Model Pretraining,2019,Alexis Conneau; Guillaume Lample,28,misc,"[28] Guillaume Lample and Alexis Conneau. Cross-lingual language model pretraining. In Advances in Neural Information Processing Systems, 2019.",NEEDS_REVIEW,f940bcbf-fe2e-44ec-8022-c0786133ebf5,5b32158c-905d-408d-ad59-367130e07f09,5b32158c-905d-408d-ad59-367130e07f09.json
yes,openalex:W2799269579,openalex,10.1007/978-3-030-01216-8_12,Lecture notes in computer science,Exploring the Limits of Weakly Supervised Pretraining,2018,Dhruv Mahajan; Ross Girshick; Vignesh Ramanathan; Kaiming He; Manohar Paluri; Yixuan Li; Ashwin Bharambe; Laurens van der Maaten,29,misc,"[29] Dhruv Mahajan, Ross B. Girshick, Vignesh Ramanathan, Kaiming He, Manohar Paluri, Yixuan Li, Ashwin Bharambe, and Laurens van der Maaten. Exploring the limits of weakly supervised pretraining. In European Conference on Computer Vision, 2018.",NEEDS_REVIEW,f940bcbf-fe2e-44ec-8022-c0786133ebf5,5b32158c-905d-408d-ad59-367130e07f09,5b32158c-905d-408d-ad59-367130e07f09.json
yes,openalex:W1853900790,openalex,10.48550/arxiv.1312.5663,arXiv (Cornell University),k-Sparse Autoencoders,2013,Alireza Makhzani; Brendan J. Frey,30,misc,"[30] Alireza Makhzani and Brendan Frey. K-sparse autoencoders. In International Conference on Representation Learning, 2014.",NEEDS_REVIEW,f940bcbf-fe2e-44ec-8022-c0786133ebf5,5b32158c-905d-408d-ad59-367130e07f09,5b32158c-905d-408d-ad59-367130e07f09.json
yes,openalex:W1531103298,openalex,10.48550/arxiv.1409.2752,arXiv (Cornell University),Winner-Take-All Autoencoders,2014,Alireza Makhzani; Brendan J. Frey,31,misc,"[31] Alireza Makhzani and Brendan J Frey. Winner-take-all autoencoders. In Advances in Neural Information Processing Systems, 2015.",NEEDS_REVIEW,f940bcbf-fe2e-44ec-8022-c0786133ebf5,5b32158c-905d-408d-ad59-367130e07f09,5b32158c-905d-408d-ad59-367130e07f09.json
yes,openalex:W2086504823,openalex,10.1109/tpami.2014.2321376,IEEE Transactions on Pattern Analysis and Machine Intelligence,Scalable Nearest Neighbor Algorithms for High Dimensional Data,2014,Marius Muja; David Lowe,32,misc,"[32] Marius Muja and David G. Lowe. Scalable nearest neighbor algorithms for high dimensional data. IEEE Transactions on Pattern Analysis and Machine Intelligence, 2014.",NEEDS_REVIEW,f940bcbf-fe2e-44ec-8022-c0786133ebf5,5b32158c-905d-408d-ad59-367130e07f09,5b32158c-905d-408d-ad59-367130e07f09.json
yes,openalex:W2807299122,openalex,10.48550/arxiv.1805.12076,arXiv (Cornell University),Towards Understanding the Role of Over-Parametrization in Generalization of Neural Networks,2018,Behnam Neyshabur; Zhiyuan Li; Srinadh Bhojanapalli; Yann LeCun; Nathan Srebro,33,misc,"[33] Behnam Neyshabur, Zhiyuan Li, Srinadh Bhojanapalli, Yann LeCun, and Nathan Srebro. Towards understanding the role of over-parametrization in generalization of neural networks. In International Conference on Representation Learning, 2019.",NEEDS_REVIEW,f940bcbf-fe2e-44ec-8022-c0786133ebf5,5b32158c-905d-408d-ad59-367130e07f09,5b32158c-905d-408d-ad59-367130e07f09.json
yes,crossref:10.1016/s0042-6989(97)00169-7,crossref,10.1016/s0042-6989(97)00169-7,Vision Research,Sparse coding with an overcomplete basis set: A strategy employed by V1?,1997,"Olshausen, Bruno A.; Field, David J.",34,misc,"[34] Bruno A. Olshausen and David J. Field. Sparse coding with an overcomplete basis set, a strategy employed by v1? Vision Research, 1997.",NEEDS_REVIEW,f940bcbf-fe2e-44ec-8022-c0786133ebf5,5b32158c-905d-408d-ad59-367130e07f09,5b32158c-905d-408d-ad59-367130e07f09.json
yes,openalex:W2540419089,openalex,10.48550/arxiv.1610.09027,arXiv (Cornell University),Scaling Memory-Augmented Neural Networks with Sparse Reads and Writes,2016,Jack W. Rae; Jonathan J. Hunt; Tim Harley; Ivo Danihelka; Andrew Senior; Greg Wayne; Alex Graves; Timothy Lillicrap,37,misc,"[37] Jack Rae, Jonathan J Hunt, Ivo Danihelka, Timothy Harley, Andrew W Senior, Gregory Wayne, Alex Graves, and Timothy Lillicrap. Scaling memory-augmented neural networks with sparse reads and writes. In Advances in Neural Information Processing Systems, 2016.",NEEDS_REVIEW,f940bcbf-fe2e-44ec-8022-c0786133ebf5,5b32158c-905d-408d-ad59-367130e07f09,5b32158c-905d-408d-ad59-367130e07f09.json
yes,crossref:10.1007/978-3-319-46493-0_32,crossref,10.1007/978-3-319-46493-0_32,Lecture Notes in Computer Science,XNOR-Net: ImageNet Classification Using Binary Convolutional Neural Networks,2016,"Rastegari, Mohammad; Ordonez, Vicente; Redmon, Joseph; Farhadi, Ali",38,misc,"[38] Mohammad Rastegari, Vicente Ordonez, Joseph Redmon, and Ali Farhadi. Xnor-net: Imagenet classiﬁcation using binary convolutional neural networks. In European Conference on Computer Vision, 2016.",NEEDS_REVIEW,f940bcbf-fe2e-44ec-8022-c0786133ebf5,5b32158c-905d-408d-ad59-367130e07f09,5b32158c-905d-408d-ad59-367130e07f09.json
yes,openalex:W1816313093,openalex,10.18653/v1/p16-1162,Proceedings of the 54th Annual Meeting of the Association for Computational Linguistics (Volume 1: Long Papers),Neural Machine Translation of Rare Words with Subword Units,2016,Rico Sennrich; Barry Haddow; Alexandra Birch,39,misc,"[39] Rico Sennrich, Barry Haddow, and Alexandra Birch. Neural machine translation of rare words with subword units. In Conference of the Association for Computational Linguistics, 2015.",NEEDS_REVIEW,f940bcbf-fe2e-44ec-8022-c0786133ebf5,5b32158c-905d-408d-ad59-367130e07f09,5b32158c-905d-408d-ad59-367130e07f09.json
yes,openalex:W1793121960,openalex,10.48550/arxiv.1503.08895,arXiv (Cornell University),End-To-End Memory Networks,2015,Sainbayar Sukhbaatar; Arthur Szlam; Jason Weston; Rob Fergus,42,misc,"[42] Sainbayar Sukhbaatar, arthur szlam, Jason Weston, and Rob Fergus. End-to-end memory networks. In Advances in Neural Information Processing Systems, 2015.",NEEDS_REVIEW,f940bcbf-fe2e-44ec-8022-c0786133ebf5,5b32158c-905d-408d-ad59-367130e07f09,5b32158c-905d-408d-ad59-367130e07f09.json
yes,openalex:W2130942839,openalex,10.48550/arxiv.1409.3215,arXiv (Cornell University),Sequence to Sequence Learning with Neural Networks,2014,Ilya Sutskever; Oriol Vinyals; Quoc V. Le,43,misc,"[43] Ilya Sutskever, Oriol Vinyals, and Quoc V Le. Sequence to sequence learning with neural networks. In Advances in Neural Information Processing Systems, 2014.",NEEDS_REVIEW,f940bcbf-fe2e-44ec-8022-c0786133ebf5,5b32158c-905d-408d-ad59-367130e07f09,5b32158c-905d-408d-ad59-367130e07f09.json
yes,openalex:W1723811852,openalex,10.48550/arxiv.1412.7479,arXiv (Cornell University),Deep Networks With Large Output Spaces,2014,Sudheendra Vijayanarasimhan; Jonathon Shlens; Rajat Monga; Jay Yagnik,45,misc,"[45] Sudheendra Vijayanarasimhan, Jonathon Shlens, Rajat Monga, and Jay Yagnik. Deep networks with large output spaces. In Workshop at the International Conference on Learning Representations, 2015.",NEEDS_REVIEW,f940bcbf-fe2e-44ec-8022-c0786133ebf5,5b32158c-905d-408d-ad59-367130e07f09,5b32158c-905d-408d-ad59-367130e07f09.json
yes,openalex:W2923014074,openalex,10.18653/v1/w18-5446,Proceedings of the 2018 EMNLP Workshop BlackboxNLP: Analyzing and Interpreting Neural Networks for NLP,GLUE: A Multi-Task Benchmark and Analysis Platform for Natural Language Understanding,2018,Alex Wang; Amanpreet Singh; Julian Michael; Felix Hill; Omer Levy; Samuel Bowman,46,misc,"[46] Alex Wang, Amapreet Singh, Julian Michael, Felix Hill, Omer Levy, and Samuel R Bowman. Glue: A multi-task benchmark and analysis platform for natural language understanding. In International Conference on Representation Learning, 2018.",NEEDS_REVIEW,f940bcbf-fe2e-44ec-8022-c0786133ebf5,5b32158c-905d-408d-ad59-367130e07f09,5b32158c-905d-408d-ad59-367130e07f09.json
yes,openalex:W2962790689,openalex,w2962790689,International Conference on Learning Representations,Towards AI-Complete Question Answering: A Set of Prerequisite Toy Tasks,2016,Jason Weston; Antoine Bordes; Sumit Chopra; Alexander M. Rush; Bart van Merriënboer; Armand Joulin; Tomáš Mikolov,48,misc,"[48] Jason Weston, Antoine Bordes, Sumit Chopra, and Tomas Mikolov. Towards ai-complete question answering: A set of prerequisite toy tasks. In International Conference on Representation Learning, 2016.",NEEDS_REVIEW,f940bcbf-fe2e-44ec-8022-c0786133ebf5,5b32158c-905d-408d-ad59-367130e07f09,5b32158c-905d-408d-ad59-367130e07f09.json
